street,blocks,miles,pavement_min_ft,pavement_max_ft,shoulder_each_side_ft_worst,blocks_already_nrr,miles_already_nrr
NE THOMPSON ST,78,5.044,24,38,10.0,0,0.0
NE STANTON ST,74,4.455,24,40,11.0,0,0.0
NE HANCOCK ST,60,4.387,15,36,9.0,3,0.15
SE TAYLOR ST,60,4.314,20,36,9.0,0,0.0
NE SISKIYOU ST,73,4.247,20,44,13.0,0,0.0
NE SKIDMORE ST,65,4.201,12,40,11.0,6,0.295
NE KLICKITAT ST,74,4.127,18,36,9.0,1,0.049
SE ALDER ST,54,4.094,12,38,10.0,4,0.3
SE LINCOLN ST,54,3.883,12,36,9.0,1,0.195
SE SALMON ST,57,3.739,24,36,9.0,0,0.0
SE MADISON ST,53,3.731,24,36,9.0,0,0.0
SE WOODWARD ST,63,3.724,16,36,9.0,3,0.258
NE BEECH ST,64,3.682,12,36,9.0,11,0.542
NE TILLAMOOK ST,52,3.663,16,42,12.0,4,0.2
NE BRAZEE ST,56,3.66,20,36,9.0,0,0.0
SE YAMHILL ST,48,3.593,24,36,9.0,0,0.0
SE TIBBETTS ST,51,3.459,22,36,9.0,0,0.0
SE CLINTON ST,54,3.452,11,44,13.0,4,0.189
NE MASON ST,55,3.431,12,44,13.0,7,0.492
SE MORRISON ST,44,3.423,14,36,9.0,2,0.19
SE FRANKLIN ST,53,3.419,12,36,9.0,11,0.615
NE WYGANT ST,53,3.359,16,40,11.0,1,0.172
SE HARRISON ST,47,3.321,16,41,11.5,1,0.034
NE RODNEY AVE,41,3.184,15,36,9.0,2,0.126
NE FAILING ST,53,3.184,10,36,9.0,12,0.59
NE SCHUYLER ST,39,3.173,20,36,9.0,0,0.0
SE KNAPP ST,41,3.17,17,36,9.0,1,0.09
NE GOING ST,53,3.149,24,36,9.0,0,0.0
NE 17TH AVE,42,3.121,23,40,11.0,0,0.0
SE MAIN ST,46,3.06,12,36,9.0,1,0.13
NE DAVIS ST,48,3.017,14,42,12.0,2,0.126
NE OREGON ST,44,2.908,13,32,7.0,8,0.366
SE 45TH AVE,40,2.894,20,36,9.0,0,0.0
NE 22ND AVE,40,2.877,24,36,9.0,0,0.0
SE ASH ST,39,2.871,20,36,9.0,0,0.0
SE BROOKLYN ST,33,2.849,24,36,9.0,0,0.0
SE KNIGHT ST,34,2.834,14,40,11.0,2,0.1
SE GRANT ST,35,2.799,23,36,9.0,0,0.0
SE CENTER ST,38,2.793,18,36,9.0,1,0.125
SE 16TH AVE,51,2.78,25,40,11.0,0,0.0
NE 18TH AVE,35,2.78,14,36,9.0,2,0.074
SE PINE ST,39,2.752,10,36,9.0,1,0.046
SE MARKET ST,35,2.734,12,36,9.0,5,0.28
SE STEPHENS ST,35,2.708,22,36,9.0,0,0.0
SE CORA ST,39,2.687,12,36,9.0,2,0.095
SE 66TH AVE,27,2.669,26,29,5.5,0,0.0
SE RAYMOND ST,46,2.628,18,40,11.0,2,0.128
NE 19TH AVE,35,2.623,9,36,9.0,2,0.099
SE 36TH AVE,42,2.616,10,36,9.0,5,0.247
SE BOISE ST,34,2.587,18,36,9.0,1,0.083
SE 44TH AVE,34,2.586,20,41,11.5,0,0.0
SE 31ST AVE,30,2.574,26,36,9.0,0,0.0
SE 34TH AVE,34,2.573,24,36,9.0,0,0.0
SE 29TH AVE,33,2.561,28,36,9.0,0,0.0
NE COUCH ST,32,2.525,12,36,9.0,2,0.126
SE RAMONA ST,33,2.514,24,50,16.0,0,0.0
NE MULTNOMAH ST,37,2.509,12,34,8.0,14,0.673
NE FLANDERS ST,37,2.505,12,32,7.0,2,0.127
SE BUSH ST,36,2.502,18,36,9.0,3,0.148
NE EVERETT ST,39,2.499,18,36,9.0,1,0.044
SE FRANCIS ST,37,2.496,15,36,9.0,2,0.096
NE 26TH AVE,31,2.461,24,32,7.0,0,0.0
NE HASSALO ST,34,2.459,10,50,16.0,11,0.698
NE 37TH AVE,28,2.449,24,36,9.0,0,0.0
NE 30TH AVE,33,2.448,24,44,13.0,0,0.0
SE 70TH AVE,25,2.441,24,32,7.0,0,0.0
SE 64TH AVE,21,2.439,18,32,7.0,1,0.047
SE 84TH AVE,26,2.435,12,36,9.0,2,0.149
SE 65TH AVE,25,2.431,20,32,7.0,0,0.0
NE BROADWAY,31,2.409,24,40,11.0,0,0.0
NE SUMNER ST,26,2.403,22,32,7.0,0,0.0
SE 35TH AVE,31,2.395,15,50,16.0,2,0.099
SE REEDWAY ST,39,2.391,20,50,16.0,0,0.0
SE 19TH AVE,36,2.385,9,36,9.0,1,0.049
SE RHONE ST,31,2.385,20,36,9.0,0,0.0
SE 74TH AVE,30,2.381,23,40,11.0,0,0.0
SE CARLTON ST,29,2.379,21,32,7.0,0,0.0
SE 47TH AVE,28,2.378,20,36,9.0,0,0.0
NE 11TH AVE,29,2.369,20,36,9.0,0,0.0
NE 13TH AVE,34,2.368,12,36,9.0,4,0.151
SE SHERMAN ST,35,2.367,24,36,9.0,0,0.0
SE LEXINGTON ST,24,2.355,22,40,11.0,0,0.0
SE 80TH AVE,41,2.355,15,44,13.0,3,0.106
SE 43RD AVE,34,2.352,20,42,12.0,0,0.0
SE MILL ST,22,2.343,18,36,9.0,2,0.318
NE CLACKAMAS ST,36,2.34,12,42,12.0,8,0.377
NE KNOTT ST,16,2.332,24,32,7.0,0,0.0
SE 51ST AVE,29,2.329,10,36,9.0,1,0.126
SE CLAY ST,26,2.32,12,32,7.0,2,0.081
SE 87TH AVE,24,2.319,22,36,9.0,0,0.0
SE 37TH AVE,40,2.314,16,36,9.0,2,0.091
SE OGDEN ST,25,2.293,20,40,11.0,0,0.0
SE 32ND AVE,27,2.291,18,36,9.0,1,0.049
SE 85TH AVE,21,2.282,12,36,9.0,3,0.164
SE LAMBERT ST,29,2.282,12,32,7.0,1,0.049
NE 9TH AVE,32,2.278,28,36,9.0,0,0.0
NE 31ST AVE,31,2.276,26,36,9.0,0,0.0
SE KELLY ST,24,2.275,22,32,7.0,0,0.0
SE 58TH AVE,27,2.272,17,32,7.0,3,0.191
N COMMERCIAL AVE,27,2.268,28,42,12.0,0,0.0
SE NEHALEM ST,25,2.262,18,50,16.0,1,0.057
SE 86TH AVE,24,2.26,14,38,10.0,3,0.269
NE 10TH AVE,30,2.255,14,40,11.0,1,0.042
SE 63RD AVE,21,2.252,17,32,7.0,1,0.1
SE 22ND AVE,31,2.22,24,36,9.0,0,0.0
NE 23RD AVE,24,2.211,24,30,6.0,0,0.0
SE 67TH AVE,27,2.208,10,36,9.0,1,0.03
NE 25TH AVE,25,2.18,28,36,9.0,0,0.0
SE ELLIS ST,27,2.149,20,50,16.0,0,0.0
SE 73RD AVE,22,2.14,20,36,9.0,0,0.0
NE 8TH AVE,29,2.127,18,36,9.0,2,0.1
SE 46TH AVE,25,2.118,20,41,11.5,0,0.0
SE TAGGART ST,33,2.111,10,36,9.0,3,0.18
NE PACIFIC ST,27,2.104,10,48,15.0,6,0.289
NE 12TH AVE,24,2.103,24,36,9.0,0,0.0
SE TOLMAN ST,35,2.098,12,34,8.0,1,0.065
SE 48TH AVE,26,2.09,18,36,9.0,1,0.127
NE 16TH AVE,22,2.083,28,59,20.5,0,0.0
SE 49TH AVE,27,2.078,19,36,9.0,0,0.0
NE 52ND AVE,29,2.071,20,32,7.0,0,0.0
SE 62ND AVE,26,2.065,24,32,7.0,0,0.0
NE MALLORY AVE,25,2.049,16,36,9.0,1,0.05
NE 78TH AVE,21,2.036,24,36,9.0,0,0.0
N KERBY AVE,28,2.029,20,41,11.5,0,0.0
SE 15TH AVE,37,2.023,24,36,9.0,0,0.0
SE LONG ST,30,2.02,14,40,11.0,2,0.07
NE 14TH AVE,24,2.013,28,36,9.0,0,0.0
NE 35TH AVE,25,2.011,10,36,9.0,1,0.031
SE REX ST,25,2.004,12,32,7.0,1,0.047
NE ALAMEDA ST,31,2.002,28,54,18.0,0,0.0
NE 73RD AVE,21,2.001,22,36,9.0,0,0.0
NE EMERSON ST,33,1.98,16,32,7.0,4,0.189
NE 32ND AVE,23,1.97,28,36,9.0,0,0.0
NE HOYT ST,30,1.965,14,36,9.0,1,0.049
SE CLAYBOURNE ST,29,1.964,28,32,7.0,0,0.0
SE 18TH AVE,29,1.952,10,36,9.0,2,0.078
SE MITCHELL ST,31,1.942,18,44,13.0,1,0.089
SE 57TH AVE,23,1.939,18,32,7.0,1,0.042
NE 36TH AVE,24,1.929,10,36,9.0,1,0.03
SE 38TH AVE,33,1.915,14,40,11.0,1,0.051
SE INSLEY ST,26,1.912,23,80,31.0,0,0.0
SE 30TH AVE,21,1.902,10,40,11.0,1,0.044
NE WASCO ST,26,1.895,12,36,9.0,4,0.218
NE 29TH AVE,25,1.894,26,36,9.0,0,0.0
SE MALDEN ST,16,1.894,27,33,7.5,0,0.0
NE 63RD AVE,25,1.89,24,36,9.0,0,0.0
SE 68TH AVE,22,1.89,20,32,7.0,0,0.0
SE 14TH AVE,36,1.889,22,36,9.0,0,0.0
SE STEELE ST,27,1.882,24,36,9.0,0,0.0
N WILLAMETTE BLVD,16,1.879,24,40,11.0,0,0.0
NE SHAVER ST,33,1.876,28,44,13.0,0,0.0
SE 33RD AVE,29,1.86,14,36,9.0,2,0.104
NE 75TH AVE,19,1.856,14,36,9.0,1,0.126
SE 71ST AVE,16,1.849,20,33,7.5,0,0.0
NE 80TH AVE,19,1.838,24,36,9.0,0,0.0
NE 32ND PL,20,1.83,24,36,9.0,0,0.0
NE 76TH AVE,21,1.828,14,30,6.0,2,0.079
SE 50TH AVE,26,1.825,20,32,7.0,0,0.0
N MONTANA AVE,27,1.82,24,36,9.0,0,0.0
NE 38TH AVE,20,1.808,24,30,6.0,0,0.0
NE GARFIELD AVE,20,1.808,24,36,9.0,0,0.0
NE CLEVELAND AVE,22,1.807,24,36,9.0,0,0.0
N CONCORD AVE,26,1.803,22,40,11.0,0,0.0
SE 88TH AVE,21,1.799,12,44,13.0,5,0.582
NE MORRIS ST,17,1.799,16,36,9.0,1,0.061
N SYRACUSE ST,22,1.793,22,36,9.0,0,0.0
SE 77TH AVE,26,1.774,20,32,7.0,0,0.0
SE MARTINS ST,20,1.771,12,32,7.0,2,0.259
SE CLATSOP ST,13,1.762,28,36,9.0,0,0.0
SE TENINO ST,24,1.757,16,36,9.0,3,0.175
SE 42ND AVE,28,1.755,15,40,11.0,3,0.117
NE 79TH AVE,16,1.754,20,30,6.0,0,0.0
NE 61ST AVE,23,1.748,12,36,9.0,5,0.235
SE SCHILLER ST,30,1.742,28,32,7.0,0,0.0
NE 66TH AVE,18,1.738,24,50,16.0,0,0.0
NE 62ND AVE,23,1.714,13,36,9.0,5,0.284
SE 69TH AVE,17,1.713,12,36,9.0,1,0.085
SE 89TH AVE,18,1.71,14,36,9.0,1,0.208
NE 20TH AVE,19,1.704,23,30,6.0,0,0.0
NE 55TH AVE,23,1.702,16,45,13.5,2,0.118
SE GLENWOOD ST,27,1.7,18,40,11.0,1,0.05
NE 28TH AVE,22,1.698,28,30,6.0,0,0.0
N MICHIGAN AVE,23,1.682,28,36,9.0,0,0.0
NE 65TH AVE,19,1.681,24,36,9.0,0,0.0
NE 49TH AVE,24,1.676,20,34,8.0,0,0.0
NE 41ST AVE,21,1.661,24,30,6.0,0,0.0
N MISSOURI AVE,20,1.644,20,37,9.5,0,0.0
SE 75TH AVE,15,1.642,16,32,7.0,2,0.153
SE HENRY ST,24,1.634,18,32,7.0,1,0.028
SE CARUTHERS ST,20,1.629,28,36,9.0,0,0.0
N RUSSET ST,19,1.626,20,34,8.0,0,0.0
SE 78TH AVE,17,1.621,22,36,9.0,0,0.0
SE 21ST AVE,21,1.619,12,32,7.0,1,0.125
SE ANKENY ST,17,1.607,12,37,9.5,2,0.079
SE 54TH AVE,20,1.602,26,36,9.0,0,0.0
SE 41ST AVE,26,1.596,13,40,11.0,2,0.094
SE BYBEE BLVD,20,1.593,18,28,5.0,1,0.077
SE COOPER ST,19,1.592,16,32,7.0,1,0.093
NE 70TH AVE,23,1.587,24,40,11.0,0,0.0
SE 28TH AVE,23,1.586,25,36,9.0,0,0.0
NE 24TH AVE,22,1.586,24,36,9.0,0,0.0
N BURRAGE AVE,22,1.585,20,36,9.0,0,0.0
NE 34TH AVE,18,1.585,12,36,9.0,1,0.031
NE 108TH AVE,24,1.583,20,38,10.0,0,0.0
NE HOLLADAY ST,23,1.568,12,32,7.0,2,0.112
NE SACRAMENTO ST,15,1.565,22,36,9.0,0,0.0
SE PARDEE ST,19,1.555,20,32,7.0,0,0.0
SE HARNEY ST,21,1.553,22,36,9.0,0,0.0
NE 68TH AVE,18,1.549,24,32,7.0,0,0.0
SE 141ST AVE,19,1.541,20,36,9.0,0,0.0
SE HENDERSON ST,13,1.54,10,32,7.0,1,0.09
NE 59TH AVE,17,1.511,24,34,8.0,0,0.0
N HAIGHT AVE,17,1.51,24,41,11.5,0,0.0
SE 40TH AVE,21,1.499,24,32,7.0,0,0.0
SE 27TH AVE,23,1.498,24,30,6.0,0,0.0
NE 6TH AVE,23,1.497,30,54,18.0,0,0.0
NE 35TH PL,17,1.484,10,28,5.0,2,0.078
SE 94TH AVE,10,1.482,20,32,7.0,0,0.0
NE 81ST AVE,14,1.468,24,40,11.0,0,0.0
SE RURAL ST,16,1.467,18,40,11.0,2,0.251
SE 83RD AVE,14,1.466,20,32,7.0,0,0.0
N DELAWARE AVE,24,1.465,23,44,13.0,0,0.0
NE 64TH AVE,17,1.461,22,36,9.0,0,0.0
NE RUSSELL ST,14,1.46,28,44,13.0,0,0.0
SE LAFAYETTE ST,21,1.457,24,36,9.0,0,0.0
NE 71ST AVE,20,1.445,18,36,9.0,1,0.085
N FARRAGUT ST,14,1.445,16,30,6.0,2,0.183
N WINCHELL ST,14,1.444,24,36,9.0,0,0.0
SE GLADSTONE ST,16,1.441,12,36,9.0,2,0.083
SE MALL ST,18,1.441,18,36,9.0,1,0.065
NE 27TH AVE,19,1.431,24,30,6.0,0,0.0
SW WESTWOOD DR,10,1.426,18,20,1.0,7,1.046
SE OAK ST,18,1.421,25,36,9.0,0,0.0
SE 9TH AVE,23,1.415,28,36,9.0,0,0.0
NE 77TH AVE,15,1.415,24,30,6.0,0,0.0
NE ROSELAWN ST,14,1.412,24,32,7.0,0,0.0
SE 56TH AVE,16,1.408,12,28,5.0,2,0.112
SW 53RD AVE,16,1.407,14,32,7.0,5,0.64
SE 55TH AVE,18,1.407,12,36,9.0,1,0.073
NE EUGENE ST,13,1.403,20,36,9.0,0,0.0
N MISSISSIPPI AVE,21,1.396,19,36,9.0,0,0.0
SE WASHINGTON ST,24,1.394,24,36,9.0,0,0.0
SE 13TH AVE,24,1.39,28,36,9.0,0,0.0
SE IVON ST,23,1.389,12,36,9.0,4,0.193
NE 74TH AVE,13,1.387,24,32,7.0,0,0.0
SW 37TH AVE,18,1.384,12,34,8.0,4,0.164
SW 50TH AVE,19,1.376,20,32,7.0,0,0.0
N HOLMAN ST,19,1.371,16,36,9.0,3,0.138
SE 53RD AVE,15,1.366,24,30,6.0,0,0.0
NE 48TH AVE,15,1.363,18,42,12.0,1,0.036
NE GRAND AVE,17,1.362,20,36,9.0,0,0.0
NE 58TH AVE,16,1.362,24,36,9.0,0,0.0
N CENTRAL ST,21,1.359,12,36,9.0,1,0.045
N TERRY ST,13,1.358,16,30,6.0,1,0.048
NE 114TH AVE,14,1.353,24,28,5.0,0,0.0
SW 52ND AVE,15,1.34,18,44,13.0,2,0.23
SE 20TH AVE,16,1.333,24,36,9.0,0,0.0
NE 45TH AVE,14,1.326,20,38,10.0,0,0.0
SW NEVADA CT,17,1.321,10,32,7.0,9,0.637
NE CESAR E CHAVEZ BLVD,17,1.32,18,36,9.0,1,0.028
N HUDSON ST,22,1.312,20,36,9.0,0,0.0
NE 47TH AVE,17,1.303,24,42,12.0,0,0.0
N WATTS ST,11,1.301,14,36,9.0,1,0.098
N BORTHWICK AVE,17,1.299,28,41,11.5,0,0.0
SE 24TH AVE,21,1.292,24,36,9.0,0,0.0
NE 40TH AVE,14,1.286,18,30,6.0,1,0.03
SE 11TH AVE,24,1.286,24,36,9.0,0,0.0
N LEONARD ST,14,1.284,20,36,9.0,0,0.0
SE 76TH AVE,14,1.279,15,36,9.0,1,0.091
SE 153RD AVE,10,1.279,28,38,10.0,0,0.0
N PRINCETON ST,18,1.272,24,36,9.0,0,0.0
NE 43RD AVE,15,1.266,22,45,13.5,0,0.0
SE HAIG ST,17,1.26,16,36,9.0,1,0.087
NE 72ND AVE,14,1.259,20,38,10.0,0,0.0
NE 46TH AVE,13,1.248,20,28,5.0,0,0.0
SE 23RD AVE,17,1.248,22,36,9.0,0,0.0
SE 100TH AVE,17,1.244,26,42,12.0,0,0.0
SE 157TH AVE,14,1.238,24,36,9.0,0,0.0
SE 101ST AVE,21,1.224,28,32,7.0,0,0.0
NE 54TH AVE,13,1.223,21,32,7.0,0,0.0
NE MILTON ST,11,1.222,24,32,7.0,0,0.0
SW 34TH AVE,12,1.221,16,32,7.0,4,0.648
SE 59TH AVE,11,1.218,24,28,5.0,0,0.0
SE 119TH AVE,11,1.217,20,38,10.0,0,0.0
NE 44TH AVE,16,1.212,24,45,13.5,0,0.0
SW HUME ST,16,1.208,10,36,9.0,4,0.407
SE 61ST AVE,10,1.203,24,32,7.0,0,0.0
NE 56TH AVE,16,1.2,24,28,5.0,0,0.0
NE 86TH AVE,16,1.2,16,32,7.0,1,0.057
SE 79TH AVE,14,1.199,28,32,7.0,0,0.0
NE 109TH AVE,10,1.196,22,32,7.0,0,0.0
NE 117TH AVE,16,1.191,22,28,5.0,0,0.0
NE 69TH AVE,12,1.188,24,28,5.0,0,0.0
SE 91ST AVE,14,1.176,21,36,9.0,0,0.0
N MARYLAND AVE,18,1.171,24,36,9.0,0,0.0
N POLK AVE,15,1.166,24,36,9.0,0,0.0
NE 50TH AVE,15,1.158,18,34,8.0,1,0.053
SE SHERRETT ST,14,1.156,16,36,9.0,2,0.106
SE 25TH AVE,21,1.156,24,36,9.0,0,0.0
SE 113TH AVE,12,1.15,28,32,7.0,0,0.0
NE 128TH AVE,16,1.137,22,48,15.0,0,0.0
N DEKUM ST,22,1.128,24,40,11.0,0,0.0
NE 113TH AVE,14,1.127,18,32,7.0,1,0.058
SE 154TH AVE,14,1.127,20,56,19.0,0,0.0
NE FARGO ST,9,1.124,20,40,11.0,0,0.0
SE 72ND AVE,17,1.124,24,30,6.0,0,0.0
N WILLIAMS AVE,17,1.124,22,30,6.0,0,0.0
NE HOLMAN ST,16,1.117,20,36,9.0,0,0.0
NE BRYANT ST,16,1.117,16,30,6.0,1,0.157
N AMHERST ST,15,1.112,26,32,7.0,0,0.0
SE 120TH AVE,11,1.111,18,32,7.0,1,0.06
SE FLAVEL ST,12,1.109,28,32,7.0,0,0.0
SW 4TH AVE,13,1.106,12,28,5.0,4,0.336
N BALDWIN ST,11,1.101,16,30,6.0,1,0.13
SE 140TH AVE,16,1.097,12,32,7.0,2,0.085
NE 51ST AVE,12,1.093,24,36,9.0,0,0.0
SE 60TH AVE,15,1.09,24,32,7.0,0,0.0
NE 84TH AVE,14,1.084,20,32,7.0,0,0.0
NE ROSE PKWY,14,1.078,32,44,13.0,0,0.0
N CURTIS AVE,12,1.074,20,36,9.0,0,0.0
SW 47TH AVE,16,1.071,12,32,7.0,4,0.269
SW 25TH AVE,14,1.06,12,36,9.0,2,0.16
SW 60TH AVE,12,1.059,12,32,7.0,1,0.244
SW TEXAS ST,13,1.056,10,28,5.0,5,0.229
NE SIMPSON ST,13,1.049,18,36,9.0,1,0.092
SE 102ND AVE,13,1.047,28,32,7.0,0,0.0
NE ROSA PARKS WAY,16,1.029,28,36,9.0,0,0.0
NE IRVING ST,16,1.027,15,36,9.0,1,0.056
SE 152ND AVE,15,1.026,20,32,7.0,0,0.0
N IVANHOE ST,11,1.025,11,36,9.0,1,0.035
N BUCHANAN AVE,14,1.023,30,36,9.0,0,0.0
NE ALBERTA CT,12,1.023,18,36,9.0,1,0.255
SE 97TH AVE,16,1.017,22,46,14.0,0,0.0
SW 8TH AVE,9,1.016,15,30,6.0,3,0.396
SW 32ND AVE,12,1.009,16,36,9.0,1,0.181
SW 36TH AVE,13,1.006,15,32,7.0,3,0.4
SW ILLINOIS ST,7,1.004,20,30,6.0,0,0.0
N EDISON ST,12,1.002,28,36,9.0,0,0.0
NE 91ST AVE,12,1.002,16,28,5.0,2,0.099
N BRYANT ST,22,1.001,16,40,11.0,1,0.032
SE SPOKANE ST,12,0.997,36,36,9.0,0,0.0
N EMERSON ST,12,0.994,26,36,9.0,0,0.0
NE FREMONT CT,11,0.993,26,32,7.0,0,0.0
SW CARSON ST,13,0.989,16,36,9.0,2,0.098
NE 67TH AVE,12,0.985,24,28,5.0,0,0.0
NE 60TH AVE,11,0.985,24,28,5.0,0,0.0
SW 57TH AVE,9,0.982,12,32,7.0,2,0.258
NE 127TH AVE,16,0.98,22,48,15.0,0,0.0
SE 28TH PL,12,0.979,28,36,9.0,0,0.0
SE 164TH AVE,18,0.979,24,32,7.0,0,0.0
SW VACUNA ST,11,0.977,20,32,7.0,0,0.0
NE 118TH AVE,5,0.976,24,32,7.0,0,0.0
SE 105TH AVE,13,0.972,20,32,7.0,0,0.0
SE 35TH PL,9,0.97,28,36,9.0,0,0.0
NE JESSUP ST,11,0.97,22,32,7.0,0,0.0
N BURR AVE,13,0.965,30,36,9.0,0,0.0
N SUMNER ST,10,0.964,24,36,9.0,0,0.0
NE 53RD AVE,10,0.963,24,28,5.0,0,0.0
N MOHAWK AVE,13,0.962,30,36,9.0,0,0.0
N FENWICK AVE,13,0.961,24,36,9.0,0,0.0
N WEBSTER ST,11,0.959,20,36,9.0,0,0.0
N CAMPBELL AVE,14,0.959,24,36,9.0,0,0.0
SE 115TH AVE,13,0.955,22,32,7.0,0,0.0
SE RHINE ST,14,0.955,20,40,11.0,0,0.0
SE 151ST AVE,9,0.955,22,32,7.0,0,0.0
SE 156TH AVE,16,0.953,26,32,7.0,0,0.0
SW CORONADO ST,10,0.951,12,32,7.0,2,0.13
SW IOWA ST,8,0.949,28,32,7.0,0,0.0
N JESSUP ST,17,0.948,24,36,9.0,0,0.0
SE 116TH AVE,11,0.944,18,32,7.0,2,0.053
SE HAWTHORNE BLVD,12,0.943,12,32,7.0,6,0.318
NE 21ST AVE,15,0.943,14,36,9.0,1,0.037
SE 114TH AVE,8,0.943,28,32,7.0,0,0.0
NE 136TH AVE,8,0.94,23,32,7.0,0,0.0
N HOUGHTON ST,18,0.938,12,36,9.0,4,0.192
SW ALFRED ST,11,0.938,15,32,7.0,1,0.086
N BUFFALO ST,15,0.934,24,32,7.0,0,0.0
N BOSTON AVE,8,0.933,20,30,6.0,0,0.0
SE 17TH AVE,17,0.93,27,36,9.0,0,0.0
NE 155TH AVE,10,0.923,20,32,7.0,0,0.0
SW MARIGOLD ST,10,0.922,16,32,7.0,1,0.055
N TYLER AVE,13,0.922,20,36,9.0,0,0.0
SE UMATILLA ST,12,0.92,22,36,9.0,0,0.0
SE 103RD AVE,8,0.915,28,32,7.0,0,0.0
SE 90TH AVE,10,0.915,20,40,11.0,0,0.0
NE 142ND AVE,8,0.914,20,32,7.0,0,0.0
SW 2ND AVE,9,0.913,16,38,10.0,1,0.141
SE 52ND AVE,9,0.911,24,36,9.0,0,0.0
NE BUFFALO ST,10,0.909,16,36,9.0,1,0.048
SW 14TH AVE,14,0.903,18,30,6.0,1,0.059
SW 54TH AVE,11,0.893,12,32,7.0,2,0.101
N WILBUR AVE,8,0.892,24,28,5.0,0,0.0
NE 150TH AVE,12,0.892,20,32,7.0,0,0.0
NW BIRKENDENE ST,6,0.891,26,32,7.0,0,0.0
N VAN HOUTEN AVE,8,0.887,24,32,7.0,0,0.0
SW MOSS ST,9,0.886,14,36,9.0,3,0.404
NE WEBSTER ST,15,0.884,20,32,7.0,0,0.0
SW BOUNDARY ST,9,0.884,15,30,6.0,4,0.274
NE JARRETT ST,14,0.878,28,32,7.0,0,0.0
N DENVER AVE,12,0.877,32,50,16.0,0,0.0
SE YUKON ST,17,0.874,25,32,7.0,0,0.0
N ATLANTIC AVE,7,0.873,24,36,9.0,0,0.0
NE 57TH AVE,13,0.87,21,45,13.5,0,0.0
N GAY AVE,12,0.869,16,46,14.0,6,0.567
N JERSEY ST,10,0.861,36,36,9.0,0,0.0
SW 42ND AVE,13,0.857,12,32,7.0,4,0.248
N HUNT ST,16,0.852,24,32,7.0,0,0.0
SE 160TH AVE,10,0.851,23,38,10.0,0,0.0
SE MILL CT,8,0.843,28,32,7.0,0,0.0
SE 130TH AVE,9,0.842,28,30,6.0,0,0.0
N KELLOGG ST,9,0.84,26,36,9.0,0,0.0
SE 168TH AVE,13,0.839,28,40,11.0,0,0.0
NE LAURELHURST PL,10,0.837,28,28,5.0,0,0.0
SW VESTA ST,9,0.834,24,32,7.0,0,0.0
N HUMBOLDT ST,11,0.831,24,40,11.0,0,0.0
SE LIEBE ST,13,0.828,10,32,7.0,2,0.094
SE 81ST AVE,12,0.819,26,36,9.0,0,0.0
NE STAFFORD ST,9,0.812,14,30,6.0,2,0.168
SW WILBARD ST,10,0.811,20,32,7.0,0,0.0
SE FLAVEL DR,11,0.81,26,30,6.0,0,0.0
SW 17TH AVE,15,0.81,20,36,9.0,0,0.0
N CHARLESTON AVE,15,0.807,23,36,9.0,0,0.0
NE 88TH AVE,13,0.8,14,32,7.0,5,0.247
SE MILLER ST,10,0.793,17,36,9.0,3,0.212
SE 111TH AVE,9,0.792,28,32,7.0,0,0.0
N STAFFORD ST,9,0.79,15,36,9.0,2,0.101
NE WEIDLER ST,13,0.789,24,32,7.0,0,0.0
NE BRYCE ST,11,0.785,24,28,5.0,0,0.0
SE 104TH AVE,16,0.782,18,32,7.0,2,0.095
NW OVERTON ST,8,0.773,28,36,9.0,0,0.0
NE HAZELFERN PL,6,0.773,28,28,5.0,0,0.0
NE 126TH AVE,12,0.772,15,40,11.0,1,0.043
NE 90TH AVE,12,0.77,20,36,9.0,0,0.0
NE AINSWORTH ST,6,0.769,20,28,5.0,0,0.0
SW VIEW POINT TER,10,0.768,18,36,9.0,2,0.113
SE 158TH AVE,11,0.762,20,32,7.0,0,0.0
SE 33RD PL,8,0.757,28,32,7.0,0,0.0
N MOORE AVE,10,0.756,24,30,6.0,0,0.0
SW 33RD AVE,8,0.756,12,28,5.0,4,0.281
SW 45TH AVE,12,0.756,22,32,7.0,0,0.0
SE 8TH AVE,11,0.755,16,36,9.0,1,0.03
N GANTENBEIN AVE,10,0.755,30,41,11.5,0,0.0
N ALBINA AVE,12,0.753,18,46,14.0,1,0.047
NE 89TH AVE,11,0.753,10,30,6.0,1,0.048
NE LIBERTY ST,8,0.749,28,36,9.0,0,0.0
SW 55TH AVE,9,0.748,12,32,7.0,2,0.188
SE 127TH AVE,9,0.742,17,32,7.0,1,0.055
SW 28TH AVE,8,0.74,14,32,7.0,3,0.236
NE 148TH PL,8,0.738,28,32,7.0,0,0.0
NE HUMBOLDT ST,8,0.736,11,36,9.0,4,0.19
NW SAVIER ST,7,0.736,20,36,9.0,0,0.0
SE 166TH AVE,5,0.732,28,38,10.0,0,0.0
SW 19TH AVE,11,0.731,10,36,9.0,1,0.034
NE 140TH AVE,6,0.73,28,32,7.0,0,0.0
NE 111TH AVE,6,0.729,26,38,10.0,0,0.0
NE 87TH AVE,14,0.727,25,32,7.0,0,0.0
SE BIDWELL ST,8,0.727,28,36,9.0,0,0.0
N BLANDENA ST,13,0.725,22,36,9.0,0,0.0
SW MARTHA ST,9,0.725,16,28,5.0,3,0.294
N EXETER AVE,6,0.725,24,32,7.0,0,0.0
SW 12TH AVE,13,0.724,12,28,5.0,4,0.165
SE 26TH AVE,13,0.724,24,44,13.0,0,0.0
SW TROY ST,9,0.72,18,30,6.0,2,0.128
NE 151ST AVE,8,0.717,22,28,5.0,0,0.0
SW 56TH AVE,6,0.716,15,32,7.0,1,0.216
N ALLEGHENY AVE,8,0.715,24,36,9.0,0,0.0
NE 85TH AVE,7,0.713,24,32,7.0,0,0.0
NE MORGAN ST,11,0.712,28,30,6.0,0,0.0
NE CHURCH ST,9,0.707,24,36,9.0,0,0.0
NE 7TH AVE,9,0.7,30,36,9.0,0,0.0
SW NEBRASKA ST,5,0.697,10,28,5.0,2,0.378
SE 165TH AVE,6,0.695,23,28,5.0,0,0.0
NW IRVING ST,9,0.688,30,40,11.0,0,0.0
SE 128TH AVE,10,0.687,28,32,7.0,0,0.0
SW LURADEL ST,4,0.687,28,32,7.0,0,0.0
SE 99TH AVE,11,0.686,30,32,7.0,0,0.0
NE 157TH AVE,9,0.686,24,40,11.0,0,0.0
SW 29TH AVE,7,0.683,12,28,5.0,2,0.188
SE 98TH AVE,10,0.682,26,32,7.0,0,0.0
N CHASE AVE,4,0.682,24,30,6.0,0,0.0
N SMITH ST,7,0.681,22,36,9.0,0,0.0
NE 156TH AVE,8,0.679,20,32,7.0,0,0.0
SE GRANT CT,11,0.677,24,32,7.0,0,0.0
N CLARENDON AVE,6,0.677,12,36,9.0,1,0.151
N DEPAUW ST,8,0.675,10,36,9.0,1,0.09
N OBERLIN ST,9,0.674,17,36,9.0,2,0.124
N VILLARD AVE,6,0.672,26,28,5.0,0,0.0
NE 110TH AVE,6,0.663,28,32,7.0,0,0.0
N HODGE AVE,6,0.663,20,32,7.0,0,0.0
NW BARTHOLOMEW DR,8,0.663,32,32,7.0,0,0.0
SW 49TH AVE,8,0.662,16,32,7.0,1,0.027
SW MITCHELL ST,7,0.659,15,32,7.0,4,0.258
NE 135TH AVE,6,0.659,32,44,13.0,0,0.0
N TIOGA AVE,5,0.659,30,36,9.0,0,0.0
N DWIGHT AVE,9,0.655,8,29,5.5,2,0.231
N BANK ST,10,0.652,23,32,7.0,0,0.0
SW 64TH AVE,8,0.651,16,32,7.0,1,0.125
SE 10TH AVE,8,0.65,36,36,9.0,0,0.0
N SIMPSON ST,11,0.65,24,36,9.0,0,0.0
NE 115TH AVE,5,0.649,24,28,5.0,0,0.0
SE 159TH AVE,9,0.649,26,32,7.0,0,0.0
NE HIGHLAND ST,8,0.648,28,36,9.0,0,0.0
SW CUSTER ST,7,0.648,20,28,5.0,0,0.0
SW 27TH AVE,10,0.646,12,36,9.0,2,0.137
NE ALBERTA ST,7,0.644,14,32,7.0,1,0.048
NE FLORAL PL,8,0.642,28,28,5.0,0,0.0
NW 24TH AVE,13,0.64,36,36,9.0,0,0.0
N SENECA ST,9,0.64,32,36,9.0,0,0.0
SW PENDLETON ST,7,0.637,18,30,6.0,1,0.164
NE SAN RAFAEL ST,5,0.637,28,36,9.0,0,0.0
NW JOHNSON ST,7,0.637,36,36,9.0,0,0.0
NE 125TH AVE,8,0.635,28,32,7.0,0,0.0
SW HAMILTON CT,10,0.634,12,32,7.0,4,0.292
SW BRUGGER ST,4,0.634,18,32,7.0,2,0.399
SE 143RD AVE,12,0.633,28,32,7.0,0,0.0
SE 133RD AVE,8,0.632,25,32,7.0,0,0.0
NE 152ND AVE,6,0.631,20,32,7.0,0,0.0
NE 83RD AVE,6,0.631,21,28,5.0,0,0.0
SE 167TH AVE,13,0.63,28,32,7.0,0,0.0
N ARLINGTON PL,5,0.626,24,30,6.0,0,0.0
NE CAMPAIGN ST,4,0.623,28,28,5.0,0,0.0
NE HALSEY ST,10,0.621,24,36,9.0,0,0.0
SW 41ST AVE,6,0.621,14,32,7.0,1,0.155
NW 20TH AVE,11,0.616,36,36,9.0,0,0.0
SW FLORIDA ST,7,0.615,20,32,7.0,0,0.0
NE 130TH PL,8,0.613,28,32,7.0,0,0.0
SW ORCHID ST,11,0.611,17,32,7.0,1,0.053
SW 63RD AVE,9,0.603,15,28,5.0,1,0.031
SW 51ST AVE,7,0.599,14,32,7.0,3,0.291
SW RIDGE DR,7,0.598,40,40,11.0,0,0.0
SW 3RD AVE,8,0.596,16,24,3.0,6,0.355
SE 166TH PL,8,0.593,24,40,11.0,0,0.0
NE HOLLAND ST,8,0.592,28,36,9.0,0,0.0
SE 147TH AVE,5,0.592,28,32,7.0,0,0.0
SE HAROLD ST,11,0.592,11,30,6.0,2,0.094
NW KEARNEY ST,6,0.591,36,36,9.0,0,0.0
NE 137TH AVE,8,0.591,19,32,7.0,0,0.0
NW HOYT ST,7,0.59,36,36,9.0,0,0.0
SW 10TH AVE,11,0.59,18,42,12.0,1,0.087
N YALE ST,7,0.59,16,36,9.0,1,0.091
SW 48TH DR,3,0.59,16,22,2.0,1,0.341
NW FLANDERS ST,7,0.588,36,36,9.0,0,0.0
SE TAYLOR CT,9,0.588,15,32,7.0,1,0.153
NE 121ST AVE,8,0.586,28,32,7.0,0,0.0
SW CANBY ST,8,0.585,20,32,7.0,0,0.0
N MINNESOTA AVE,12,0.583,20,40,11.0,0,0.0
SE MARION ST,6,0.579,24,28,5.0,0,0.0
SE 145TH AVE,5,0.579,20,28,5.0,0,0.0
SW 21ST AVE,11,0.576,10,36,9.0,2,0.095
SW BANCROFT ST,8,0.575,26,50,16.0,0,0.0
SW 30TH AVE,10,0.573,10,40,11.0,3,0.169
SE BYBEE DR,5,0.571,26,26,4.0,0,0.0
SW 62ND DR,1,0.569,26,26,4.0,0,0.0
NE 134TH PL,7,0.569,28,30,6.0,0,0.0
NE 131ST AVE,4,0.568,32,32,7.0,0,0.0
NE ROYAL CT,8,0.565,28,28,5.0,0,0.0
SE 124TH AVE,8,0.565,20,32,7.0,0,0.0
NE 104TH AVE,7,0.561,28,38,10.0,0,0.0
N FOWLER AVE,5,0.56,24,28,5.0,0,0.0
NE 120TH AVE,8,0.559,26,32,7.0,0,0.0
SE 32ND PL,9,0.559,24,28,5.0,0,0.0
SW TUNNELWOOD ST,7,0.559,18,32,7.0,3,0.233
SW 43RD AVE,7,0.557,12,32,7.0,1,0.049
NW MILL POND RD,6,0.557,32,32,7.0,0,0.0
NE DUNCKLEY ST,6,0.555,28,28,5.0,0,0.0
SW DOLPH DR,8,0.554,28,32,7.0,0,0.0
SW 31ST AVE,5,0.551,18,32,7.0,1,0.126
N ALMA AVE,10,0.55,24,36,9.0,0,0.0
SW FREEMAN ST,6,0.545,12,28,5.0,2,0.257
SW 18TH AVE,10,0.545,20,36,9.0,0,0.0
NE SARATOGA ST,7,0.544,28,30,6.0,0,0.0
N OMAHA AVE,8,0.543,24,34,8.0,0,0.0
N OLYMPIA ST,8,0.538,20,32,7.0,0,0.0
N NEWARK ST,10,0.535,24,32,7.0,0,0.0
SW SPRING GARDEN ST,5,0.535,12,28,5.0,2,0.147
SW 5TH AVE,5,0.534,16,36,9.0,3,0.344
SW SEYMOUR ST,5,0.533,20,32,7.0,0,0.0
SW 62ND AVE,6,0.532,24,32,7.0,0,0.0
SW 40TH AVE,6,0.531,12,32,7.0,1,0.114
SW 12TH DR,4,0.531,21,28,5.0,0,0.0
NE 134TH AVE,6,0.529,32,32,7.0,0,0.0
SE 96TH AVE,4,0.527,24,38,10.0,0,0.0
NE 94TH AVE,2,0.526,22,28,5.0,0,0.0
N WASHBURNE AVE,7,0.524,24,36,9.0,0,0.0
SE 114TH PL,9,0.524,27,32,7.0,0,0.0
SE 109TH AVE,6,0.524,20,32,7.0,0,0.0
N WILLIS BLVD,7,0.523,28,36,9.0,0,0.0
N OSWEGO AVE,8,0.523,24,36,9.0,0,0.0
NE 141ST AVE,6,0.522,24,42,12.0,0,0.0
SW KANAN DR,5,0.522,18,20,1.0,2,0.194
N BERKELEY AVE,5,0.521,24,36,9.0,0,0.0
SW CALIFORNIA ST,6,0.521,10,32,7.0,2,0.11
NE 133RD AVE,5,0.519,24,32,7.0,0,0.0
SW 59TH AVE,5,0.518,12,32,7.0,1,0.083
NW DEVOTO LN,4,0.517,23,26,4.0,0,0.0
NE ALTON ST,5,0.517,28,32,7.0,0,0.0
NE ELROD DR,1,0.515,24,24,3.0,0,0.0
SE 135TH AVE,8,0.511,28,28,5.0,0,0.0
N BRANDON AVE,9,0.511,28,36,9.0,0,0.0
SW 62ND PL,5,0.509,16,32,7.0,2,0.222
SW DICKINSON ST,8,0.508,15,42,12.0,3,0.197
SE 137TH AVE,8,0.508,20,32,7.0,0,0.0
NE 129TH PL,8,0.507,28,48,15.0,0,0.0
NE FARGO CT,3,0.507,20,30,6.0,0,0.0
N FISKE AVE,7,0.506,29,30,6.0,0,0.0
SW 33RD PL,4,0.502,18,30,6.0,1,0.248
SW COMUS ST,6,0.501,12,32,7.0,1,0.079
N GREENWICH AVE,4,0.5,24,28,5.0,0,0.0
SE 36TH PL,7,0.498,24,30,6.0,0,0.0
N DETROIT AVE,4,0.498,50,50,16.0,0,0.0
N SCHOFIELD ST,4,0.497,36,36,9.0,0,0.0
N HOLLAND ST,6,0.495,20,30,6.0,0,0.0
SW WESTWOOD CT,4,0.495,18,20,1.0,2,0.303
N JARRETT ST,8,0.493,24,36,9.0,0,0.0
N KILPATRICK ST,5,0.492,15,36,9.0,1,0.086
N DRUMMOND AVE,6,0.492,24,36,9.0,0,0.0
SW MENEFEE DR,5,0.49,8,18,0.0,5,0.49
N CRAWFORD ST,6,0.489,14,34,8.0,2,0.138
SW 39TH DR,6,0.482,28,32,7.0,0,0.0
NE 131ST PL,7,0.482,28,40,11.0,0,0.0
SW 61ST AVE,5,0.48,18,25,3.5,2,0.177
SE 144TH AVE,5,0.478,24,32,7.0,0,0.0
N CALHOUN AVE,4,0.477,24,36,9.0,0,0.0
SW 7TH AVE,4,0.475,14,26,4.0,2,0.223
SW 19TH DR,4,0.472,20,26,4.0,0,0.0
N TRENTON ST,8,0.47,28,32,7.0,0,0.0
SW CALDEW ST,6,0.468,28,32,7.0,0,0.0
SW BURLINGAME AVE,7,0.468,16,28,5.0,3,0.183
SE RAYMOND CT,8,0.468,28,30,6.0,0,0.0
NE FREMONT ST,8,0.467,20,42,12.0,0,0.0
SW FAIRHAVEN DR,3,0.466,20,24,3.0,0,0.0
NW ROYAL BLVD,4,0.462,16,28,5.0,1,0.113
SW BRIDLEMILE LN,4,0.46,20,22,2.0,0,0.0
SW MILES ST,9,0.46,14,32,7.0,1,0.092
NE SOUTH SHORE RD,1,0.457,22,22,2.0,0,0.0
NE 112TH AVE,3,0.452,12,38,10.0,1,0.044
SE HENDERSON WAY,6,0.451,26,26,4.0,0,0.0
NE 144TH AVE,7,0.451,30,44,13.0,0,0.0
SW PALATINE ST,5,0.449,16,20,1.0,3,0.254
NE 158TH AVE,8,0.448,32,32,7.0,0,0.0
SE NAEGELI DR,3,0.448,37,37,9.5,0,0.0
NE 154TH AVE,6,0.446,28,36,9.0,0,0.0
SW KNIGHTSBRIDGE DR,3,0.441,26,30,6.0,0,0.0
SW 46TH AVE,5,0.441,12,30,6.0,4,0.282
NE LADDINGTON CT,6,0.44,28,28,5.0,0,0.0
SW EVANS ST,8,0.437,14,30,6.0,3,0.137
NW QUIMBY ST,4,0.436,28,36,9.0,0,0.0
N SEWARD AVE,4,0.436,24,30,6.0,0,0.0
SW HIGHLAND PKWY,3,0.435,16,18,0.0,3,0.435
SW RUBY TER,3,0.435,18,24,3.0,1,0.062
N GILBERT AVE,7,0.432,14,40,11.0,1,0.046
N BOWDOIN ST,5,0.432,24,36,9.0,0,0.0
SE 108TH AVE,4,0.431,21,32,7.0,0,0.0
SE 7TH AVE,6,0.43,28,36,9.0,0,0.0
N EMERALD AVE,9,0.428,28,36,9.0,0,0.0
SW EVELYN ST,8,0.426,18,32,7.0,1,0.027
SW 18TH DR,7,0.424,18,26,4.0,1,0.058
NE RIDGEWOOD DR,8,0.422,24,28,5.0,0,0.0
SE 170TH AVE,7,0.421,20,32,7.0,0,0.0
SW 6TH AVE,7,0.42,24,32,7.0,0,0.0
SW CULLEN BLVD,3,0.42,18,32,7.0,1,0.158
SE STARK ST,9,0.419,16,30,6.0,1,0.043
N JOHN AVE,7,0.418,20,40,11.0,0,0.0
N CECELIA ST,7,0.416,29,32,7.0,0,0.0
N OATMAN AVE,5,0.415,24,24,3.0,0,0.0
SW RIVINGTON DR,2,0.415,24,24,3.0,0,0.0
N KNOWLES AVE,5,0.415,28,28,5.0,0,0.0
SE 107TH AVE,7,0.414,26,32,7.0,0,0.0
SE LINCOLN CT,4,0.413,28,32,7.0,0,0.0
SW WASHOUGA AVE,2,0.413,24,24,3.0,0,0.0
SE 150TH AVE,3,0.412,28,32,7.0,0,0.0
SE HAIG DR,10,0.412,32,40,11.0,0,0.0
N HARVARD ST,6,0.412,24,36,9.0,0,0.0
NW UPSHUR ST,5,0.411,28,36,9.0,0,0.0
NE 119TH AVE,3,0.411,22,32,7.0,0,0.0
SW DAVENPORT ST,4,0.41,18,28,5.0,1,0.026
NE SISKIYOU CT,3,0.41,28,32,7.0,0,0.0
SE 139TH AVE,6,0.409,18,32,7.0,1,0.041
SW DOLPH CT,9,0.407,11,32,7.0,1,0.049
SW FLOWER ST,5,0.407,14,28,5.0,3,0.303
NE 130TH AVE,4,0.405,28,32,7.0,0,0.0
SE 134TH AVE,5,0.405,32,32,7.0,0,0.0
N HAVEN AVE,7,0.403,24,29,5.5,0,0.0
NE MEADOW DR,1,0.4,24,24,3.0,0,0.0
NE IMPERIAL AVE,8,0.4,28,28,5.0,0,0.0
SE STEPHENS CT,5,0.4,32,32,7.0,0,0.0
NE JUNIOR ST,4,0.399,28,30,6.0,0,0.0
N CHURCH ST,6,0.398,24,27,4.5,0,0.0
N WAYLAND AVE,4,0.398,28,32,7.0,0,0.0
NE WISTARIA DR,7,0.398,24,28,5.0,0,0.0
NE 138TH PL,3,0.397,28,32,7.0,0,0.0
SE 112TH AVE,6,0.396,17,28,5.0,1,0.02
NE 42ND AVE,6,0.395,28,28,5.0,0,0.0
N HALLECK ST,3,0.395,28,28,5.0,0,0.0
NE BRAZEE CT,5,0.394,24,32,7.0,0,0.0
N TRUMBULL AVE,6,0.393,30,36,9.0,0,0.0
NE COOK ST,3,0.393,28,30,6.0,0,0.0
SE HENDERSON DR,2,0.393,18,26,4.0,1,0.224
NE MONROE ST,3,0.392,36,36,9.0,0,0.0
SW 18TH PL,3,0.391,22,24,3.0,0,0.0
NW PETTYGROVE ST,4,0.39,36,36,9.0,0,0.0
NE 106TH AVE,6,0.389,28,38,10.0,0,0.0
NE 143RD AVE,5,0.389,20,32,7.0,0,0.0
SW 9TH AVE,4,0.389,16,28,5.0,1,0.086
SW ORCHID DR,4,0.386,28,30,6.0,0,0.0
N ENDICOTT AVE,4,0.384,32,32,7.0,0,0.0
SE 149TH AVE,4,0.383,28,32,7.0,0,0.0
N RICHMOND AVE,3,0.382,36,36,9.0,0,0.0
SW DOLPH ST,4,0.381,20,28,5.0,0,0.0
SW PASADENA ST,4,0.38,20,32,7.0,0,0.0
SW NORTHWOOD AVE,3,0.38,12,18,0.0,3,0.38
N MASON ST,9,0.38,26,36,9.0,0,0.0
N MORGAN ST,8,0.379,12,32,7.0,1,0.032
SW 11TH AVE,6,0.379,27,36,9.0,0,0.0
NW MAYWOOD DR,2,0.378,24,24,3.0,0,0.0
N SARATOGA ST,6,0.378,28,36,9.0,0,0.0
SW 38TH AVE,2,0.377,20,28,5.0,0,0.0
SW STEPHENSON CT,1,0.377,16,16,-1.0,1,0.377
SE ALDER CT,7,0.377,24,32,7.0,0,0.0
SE 138TH AVE,4,0.374,26,32,7.0,0,0.0
SW SHERWOOD DR,3,0.374,16,16,-1.0,3,0.374
NE 105TH AVE,4,0.373,28,28,5.0,0,0.0
NW PINNACLE DR,5,0.373,32,36,9.0,0,0.0
SW IDAHO ST,5,0.373,14,28,5.0,1,0.045
SW 1ST AVE,5,0.372,20,38,10.0,0,0.0
SW CAROLINA ST,5,0.37,28,34,8.0,0,0.0
NW 17TH AVE,8,0.37,33,36,9.0,0,0.0
N GENEVA AVE,3,0.369,28,32,7.0,0,0.0
SW BURTON DR,1,0.367,14,14,-2.0,1,0.367
N COLONIAL AVE,5,0.366,26,30,6.0,0,0.0
SW MYRTLE DR,1,0.365,24,24,3.0,0,0.0
N OVERLOOK BLVD,7,0.363,28,30,6.0,0,0.0
SE 134TH DR,3,0.363,23,24,3.0,0,0.0
SE 136TH AVE,5,0.363,26,32,7.0,0,0.0
SE 146TH AVE,6,0.361,28,40,11.0,0,0.0
SW ALTADENA AVE,4,0.36,20,30,6.0,0,0.0
N WYGANT ST,6,0.359,20,42,12.0,0,0.0
SW WESTDALE DR,1,0.357,28,28,5.0,0,0.0
SE DUKE ST,7,0.354,22,32,7.0,0,0.0
NW ENGLEMAN ST,6,0.354,32,32,7.0,0,0.0
SW 15TH AVE,3,0.354,15,28,5.0,2,0.124
NE 123RD AVE,3,0.353,28,28,5.0,0,0.0
SE 118TH DR,2,0.353,28,28,5.0,0,0.0
SE EVERGREEN ST,4,0.352,21,30,6.0,0,0.0
N BAYARD AVE,4,0.351,24,28,5.0,0,0.0
SW 17TH DR,6,0.35,20,22,2.0,0,0.0
SE SUN CREST DR,2,0.349,32,32,7.0,0,0.0
N LONGVIEW AVE,4,0.349,26,26,4.0,0,0.0
N CHICAGO AVE,5,0.348,30,36,9.0,0,0.0
NE 132ND AVE,2,0.347,32,32,7.0,0,0.0
SE SCOTT DR,4,0.347,26,30,6.0,0,0.0
SW MADISON ST,6,0.347,26,36,9.0,0,0.0
SW JERALD WAY,5,0.346,18,28,5.0,2,0.106
SW LOBELIA ST,4,0.344,14,30,6.0,3,0.24
N BRISTOL AVE,3,0.344,36,36,9.0,0,0.0
NE 149TH AVE,7,0.343,28,32,7.0,0,0.0
SE 93RD AVE,6,0.342,28,32,7.0,0,0.0
SE 86TH CT,6,0.342,8,30,6.0,3,0.156
NW MARSHALL ST,3,0.34,28,36,9.0,0,0.0
SW 14TH DR,4,0.339,30,32,7.0,0,0.0
N SWENSON ST,5,0.339,24,24,3.0,0,0.0
SW CLIFTON ST,7,0.338,26,36,9.0,0,0.0
SW 11TH DR,2,0.338,28,28,5.0,0,0.0
NE 14TH PL,4,0.336,30,30,6.0,0,0.0
SE CLINTON CT,3,0.336,28,40,11.0,0,0.0
SE MITCHELL CT,5,0.336,18,28,5.0,1,0.064
SE 129TH AVE,4,0.335,28,32,7.0,0,0.0
SE TERRACE TRAILS DR,4,0.335,26,26,4.0,0,0.0
NE 103RD AVE,2,0.334,30,32,7.0,0,0.0
N CONGRESS AVE,3,0.333,32,35,8.5,0,0.0
N VINCENT AVE,4,0.333,28,28,5.0,0,0.0
SE 132ND AVE,6,0.333,18,32,7.0,1,0.054
N OLIN AVE,6,0.332,30,40,11.0,0,0.0
N WABASH AVE,5,0.331,36,36,9.0,0,0.0
SW 16TH AVE,7,0.331,26,36,9.0,0,0.0
SW 48TH AVE,4,0.331,24,30,6.0,0,0.0
NE 116TH AVE,3,0.33,24,28,5.0,0,0.0
NW RALEIGH ST,4,0.328,28,36,9.0,0,0.0
NW REED DR,3,0.328,36,36,9.0,0,0.0
SW LOOP DR,2,0.327,28,28,5.0,0,0.0
N MASSACHUSETTS AVE,4,0.327,28,28,5.0,0,0.0
N SHAVER ST,8,0.325,36,40,11.0,0,0.0
N MEARS ST,3,0.324,24,32,7.0,0,0.0
SW MILES CT,3,0.324,18,32,7.0,1,0.037
SW FALCON ST,4,0.324,22,30,6.0,0,0.0
SE 142ND AVE,3,0.323,17,30,6.0,1,0.093
N CATLIN AVE,7,0.322,36,36,9.0,0,0.0
N MCCLELLAN ST,4,0.321,23,36,9.0,0,0.0
N HURST AVE,3,0.321,24,26,4.0,0,0.0
SW FAIRVALE CT,2,0.32,16,16,-1.0,2,0.32
NE 160TH AVE,4,0.32,24,32,7.0,0,0.0
NE IVY ST,2,0.32,32,36,9.0,0,0.0
SE WINDSOR CT,4,0.32,18,28,5.0,1,0.033
SW 26TH DR,4,0.318,20,20,1.0,0,0.0
SW STANLEY CT,4,0.318,32,32,7.0,0,0.0
SW 47TH DR,4,0.317,32,36,9.0,0,0.0
SW 13TH AVE,4,0.316,19,28,5.0,0,0.0
SE COLT DR,2,0.315,30,40,11.0,0,0.0
NE 93RD AVE,2,0.314,20,30,6.0,0,0.0
SW CANYON CT,1,0.314,32,32,7.0,0,0.0
N GLOUCESTER AVE,2,0.312,24,28,5.0,0,0.0
SW HAINES ST,4,0.312,10,16,-1.0,4,0.312
SW 38TH PL,3,0.31,28,32,7.0,0,0.0
N VANDERBILT ST,4,0.31,24,24,3.0,0,0.0
SE 103RD DR,3,0.307,28,28,5.0,0,0.0
SE DONATELLO LOOP,2,0.306,26,26,4.0,0,0.0
NE BELL DR,2,0.306,26,26,4.0,0,0.0
N HARTMAN ST,3,0.306,24,24,3.0,0,0.0
SW MAPLECREST DR,2,0.305,18,20,1.0,1,0.206
NE BLUE HERON DR,4,0.304,23,23,2.5,0,0.0
SE HAWTHORNE CT,5,0.303,28,32,7.0,0,0.0
SW 16TH DR,3,0.303,28,28,5.0,0,0.0
NE GRAHAM ST,3,0.302,26,36,9.0,0,0.0
SW ORCHARD HILL PL,5,0.302,25,32,7.0,0,0.0
NE PEERLESS PL,6,0.301,28,34,8.0,0,0.0
SW HUBER ST,3,0.301,20,21,1.5,0,0.0
SW KRUSE RIDGE DR,6,0.301,28,32,7.0,0,0.0
SW DAKOTA ST,5,0.301,28,28,5.0,0,0.0
SW 8TH DR,1,0.3,28,28,5.0,0,0.0
N FOSS AVE,3,0.299,26,36,9.0,0,0.0
SW 55TH DR,4,0.298,20,28,5.0,0,0.0
SW IDAHO TER,2,0.298,28,30,6.0,0,0.0
SW MYRTLE ST,6,0.298,22,26,4.0,0,0.0
N ATTU ST,2,0.298,30,32,7.0,0,0.0
SW LOWELL ST,2,0.297,20,32,7.0,0,0.0
SW EDGEWOOD RD,1,0.296,28,28,5.0,0,0.0
NW BENSON ST,4,0.295,28,32,7.0,0,0.0
N ARGYLE ST,3,0.294,30,32,7.0,0,0.0
SE 155TH AVE,3,0.294,25,32,7.0,0,0.0
NE 159TH AVE,6,0.292,28,32,7.0,0,0.0
NW NORTHRUP ST,3,0.292,28,36,9.0,0,0.0
NE GLISAN ST,4,0.291,48,55,18.5,0,0.0
SE 144TH DR,6,0.291,26,32,7.0,0,0.0
SW HILLSIDE DR,4,0.29,20,24,3.0,0,0.0
SW SUNSET DR,2,0.289,18,20,1.0,1,0.249
NW SEBLAR DR,3,0.289,30,30,6.0,0,0.0
SW FLOWER TER,1,0.289,20,20,1.0,0,0.0
SW CONDOR AVE,4,0.288,24,36,9.0,0,0.0
SW ARNOLD ST,4,0.288,18,32,7.0,1,0.099
SW 58TH AVE,2,0.287,18,32,7.0,1,0.141
SE MALDEN CT,3,0.286,23,28,5.0,0,0.0
SE PERSHING ST,6,0.286,16,18,0.0,6,0.286
NE ONEONTA ST,3,0.286,36,36,9.0,0,0.0
NE 153RD PL,5,0.285,28,32,7.0,0,0.0
NE 116TH PL,3,0.283,28,28,5.0,0,0.0
SW HAMILTON ST,4,0.283,16,30,6.0,2,0.149
SE 12TH AVE,6,0.282,28,36,9.0,0,0.0
SE BROOKSIDE DR,3,0.279,32,32,7.0,0,0.0
SE 171ST AVE,4,0.279,29,32,7.0,0,0.0
SW 28TH DR,5,0.279,28,32,7.0,0,0.0
SE 140TH DR,1,0.279,28,28,5.0,0,0.0
NE 97TH AVE,3,0.278,22,32,7.0,0,0.0
SE 169TH PL,4,0.278,32,40,11.0,0,0.0
SW 57TH PL,2,0.276,24,32,7.0,0,0.0
SE CORA DR,3,0.275,30,30,6.0,0,0.0
NE 100TH AVE,3,0.274,32,37,9.5,0,0.0
SE 172ND AVE,6,0.274,32,32,7.0,0,0.0
SE EQUESTRIAN DR,5,0.273,23,23,2.5,0,0.0
N NEWELL AVE,3,0.273,24,30,6.0,0,0.0
NE COUCH CT,4,0.271,32,32,7.0,0,0.0
NW WESTOVER RD,3,0.271,26,28,5.0,0,0.0
SE FOSTER PL,2,0.27,16,20,1.0,1,0.236
NE HAMBLET ST,3,0.27,28,28,5.0,0,0.0
N JUNEAU ST,4,0.27,28,32,7.0,0,0.0
SW BALMER CIR,2,0.27,28,28,5.0,0,0.0
NW SALTZMAN RD,1,0.269,18,18,0.0,1,0.269
SW JERALD CT,4,0.269,18,20,1.0,1,0.011
SW 20TH AVE,4,0.268,33,36,9.0,0,0.0
SW MARKET ST,3,0.267,36,36,9.0,0,0.0
SW NEVADA TER,1,0.266,28,28,5.0,0,0.0
N MACRUM AVE,3,0.266,46,46,14.0,0,0.0
NW 29TH AVE,4,0.265,28,36,9.0,0,0.0
SW BERTHA BLVD,3,0.265,20,30,6.0,0,0.0
SW IDAHO DR,4,0.265,30,36,9.0,0,0.0
NE RUSSET ST,3,0.264,24,24,3.0,0,0.0
SW MT HOOD LN,1,0.264,24,24,3.0,0,0.0
N NEWMAN AVE,3,0.264,24,32,7.0,0,0.0
SW BUCKINGHAM AVE,1,0.263,24,24,3.0,0,0.0
N DRUID AVE,3,0.263,24,32,7.0,0,0.0
NE MORRIS CT,4,0.262,32,32,7.0,0,0.0
NE 78TH PL,1,0.261,26,26,4.0,0,0.0
N WILLAMETTE LN,2,0.261,15,24,3.0,1,0.102
SW MAIN ST,4,0.261,36,36,9.0,0,0.0
SW TAYLOR CT,1,0.26,18,18,0.0,1,0.26
SW MAPLECREST CT,1,0.26,18,18,0.0,1,0.26
SW PARKHILL DR,1,0.259,18,18,0.0,1,0.259
SW 65TH AVE,5,0.258,12,32,7.0,3,0.21
SW TAYLORS FERRY CT,3,0.257,20,20,1.0,0,0.0
SE MORRISON CT,5,0.257,24,32,7.0,0,0.0
NE RUSSELL CT,3,0.257,28,32,7.0,0,0.0
SE 104TH DR,6,0.256,28,36,9.0,0,0.0
N FORTUNE AVE,3,0.256,36,36,9.0,0,0.0
SE EASTRIDGE ST,3,0.256,26,26,4.0,0,0.0
NW HARBOR BLVD,4,0.255,10,18,0.0,4,0.255
SW NEVADA ST,5,0.255,12,30,6.0,2,0.098
N KIMBALL AVE,2,0.254,36,36,9.0,0,0.0
SW SYLVANIA TER,2,0.254,20,30,6.0,0,0.0
NE KLICKITAT CT,2,0.254,32,32,7.0,0,0.0
NW CHAPIN DR,3,0.254,24,26,4.0,0,0.0
SE 131ST AVE,5,0.253,20,32,7.0,0,0.0
SW HUME CT,3,0.253,25,28,5.0,0,0.0
SW BROADLEAF DR,2,0.253,30,32,7.0,0,0.0
SW CHESAPEAK AVE,2,0.253,10,12,-3.0,2,0.253
N HAMLIN AVE,3,0.252,28,32,7.0,0,0.0
NE GOING PL,5,0.252,20,22,2.0,0,0.0
SW SOUTHVIEW PL,1,0.251,16,16,-1.0,1,0.251
NE CADET AVE,1,0.251,32,32,7.0,0,0.0
SE HAROLD CT,1,0.251,28,28,5.0,0,0.0
N JORDAN AVE,2,0.251,24,24,3.0,0,0.0
SE 84TH PL,2,0.249,32,32,7.0,0,0.0
N NEWCASTLE AVE,4,0.249,15,24,3.0,1,0.062
N LEAVITT AVE,5,0.249,36,36,9.0,0,0.0
N LANCASTER AVE,2,0.249,12,12,-3.0,2,0.249
SW 39TH AVE,4,0.249,18,32,7.0,1,0.083
N FAILING ST,6,0.248,26,36,9.0,0,0.0
N MOBILE AVE,2,0.248,30,30,6.0,0,0.0
NE BELLEVUE AVE,6,0.248,20,36,9.0,0,0.0
SW ELM ST,5,0.248,24,26,4.0,0,0.0
SE 155TH PL,2,0.247,28,32,7.0,0,0.0
N SKIDMORE ST,5,0.247,28,28,5.0,0,0.0
N ST LOUIS AVE,4,0.247,15,36,9.0,1,0.099
NW WILARK AVE,3,0.247,12,28,5.0,2,0.174
NE 150TH PL,2,0.246,26,28,5.0,0,0.0
NW 27TH AVE,5,0.246,36,36,9.0,0,0.0
N RENO AVE,6,0.246,20,36,9.0,0,0.0
SE 30TH PL,3,0.246,30,30,6.0,0,0.0
NE SUMMERPLACE DR,4,0.246,32,32,7.0,0,0.0
NE US GRANT PL,3,0.245,24,36,9.0,0,0.0
SW 44TH AVE,2,0.244,12,32,7.0,1,0.057
NW 81ST PL,1,0.243,28,28,5.0,0,0.0
N HIGHLAND ST,3,0.243,28,28,5.0,0,0.0
SW CUSTER DR,1,0.243,36,36,9.0,0,0.0
SE OGDEN DR,4,0.242,26,26,4.0,0,0.0
NE 87TH PL,4,0.242,28,28,5.0,0,0.0
N SEDRO ST,3,0.242,30,30,6.0,0,0.0
SW MARTHA TER,2,0.241,30,30,6.0,0,0.0
NW SPENCER ST,3,0.241,26,26,4.0,0,0.0
SE 169TH AVE,5,0.24,32,32,7.0,0,0.0
SW 59TH PL,1,0.24,28,28,5.0,0,0.0
NW 33RD AVE,2,0.24,24,28,5.0,0,0.0
SW 47TH PL,1,0.239,30,30,6.0,0,0.0
SE 142ND PL,4,0.239,26,28,5.0,0,0.0
SW BAIRD ST,4,0.239,12,20,1.0,3,0.189
SW DEWITT ST,3,0.238,15,30,6.0,1,0.086
SW HAWTHORNE TER,2,0.237,22,22,2.0,0,0.0
SW PLUM CT,3,0.237,15,32,7.0,1,0.082
NW BARNES RD,2,0.236,16,20,1.0,1,0.13
SW ST CLAIR AVE,4,0.236,30,34,8.0,0,0.0
N JAMES ST,2,0.235,36,36,9.0,0,0.0
NE EUGENE CT,2,0.235,28,32,7.0,0,0.0
SW LOGAN ST,3,0.234,18,32,7.0,1,0.112
NE 138TH AVE,4,0.234,32,32,7.0,0,0.0
NE DURHAM AVE,5,0.234,20,40,11.0,0,0.0
SE POWELL CT,3,0.231,32,32,7.0,0,0.0
SW BEAVERTON AVE,5,0.231,24,24,3.0,0,0.0
SW PRIMROSE ST,2,0.23,20,22,2.0,0,0.0
SW PATTON CT,1,0.23,28,28,5.0,0,0.0
SE CLATSOP CT,2,0.23,32,32,7.0,0,0.0
SW PROSPECT DR,3,0.229,16,22,2.0,2,0.187
NW WOODSIDE TER,1,0.229,18,18,0.0,1,0.229
SW MELVILLE AVE,1,0.229,28,28,5.0,0,0.0
N MCKENNA AVE,3,0.229,16,36,9.0,1,0.03
N LOVELY ST,3,0.227,24,24,3.0,0,0.0
SE MADISON DR,3,0.227,32,32,7.0,0,0.0
SW TOWER WAY,2,0.226,20,28,5.0,0,0.0
SE 106TH AVE,2,0.225,28,32,7.0,0,0.0
SE 157TH DR,3,0.225,32,32,7.0,0,0.0
N SWIFT ST,2,0.225,32,32,7.0,0,0.0
N CAREY BLVD,2,0.225,32,36,9.0,0,0.0
N ARMOUR ST,2,0.224,30,32,7.0,0,0.0
NW VAUGHN ST,4,0.224,36,36,9.0,0,0.0
NW 3RD ST,2,0.224,12,12,-3.0,2,0.224
SW LAUREL ST,5,0.223,16,26,4.0,1,0.024
SW HAMPSHIRE ST,2,0.222,24,24,3.0,0,0.0
SE REYNOLDS ST,3,0.222,30,36,9.0,0,0.0
SE 175TH PL,2,0.222,32,32,7.0,0,0.0
NE ALTON CT,4,0.221,32,32,7.0,0,0.0
SE 118TH AVE,3,0.221,28,32,7.0,0,0.0
SE ARNOLD WAY,1,0.221,12,12,-3.0,1,0.221
SW LESSER WAY,1,0.221,12,12,-3.0,1,0.221
N GIRARD ST,3,0.221,24,30,6.0,0,0.0
NE 145TH AVE,5,0.22,32,32,7.0,0,0.0
NW LURAY TER,1,0.22,24,24,3.0,0,0.0
NE LEVEE RD,2,0.218,14,18,0.0,2,0.218
SW RICHARDSON DR,3,0.218,18,20,1.0,1,0.117
SW 36TH PL,3,0.218,18,28,5.0,1,0.051
SW MITCHELL CT,3,0.218,18,32,7.0,2,0.154
NE KILLINGSWORTH CT,3,0.217,29,30,6.0,0,0.0
SE HARRISON CT,2,0.217,24,28,5.0,0,0.0
NW SEBLAR TER,1,0.217,30,30,6.0,0,0.0
NE BEECH CT,4,0.216,28,32,7.0,0,0.0
NE DEKUM ST,4,0.215,40,40,11.0,0,0.0
N ASTOR ST,2,0.215,24,32,7.0,0,0.0
N HENDRICKS ST,5,0.215,23,32,7.0,0,0.0
N FOX ST,3,0.215,15,24,3.0,1,0.056
N BURLINGTON AVE,4,0.214,36,36,9.0,0,0.0
SW PATRICK PL,3,0.214,14,22,2.0,1,0.028
NE EVERETT CT,4,0.212,12,32,7.0,2,0.111
NE 32ND CT,2,0.211,24,24,3.0,0,0.0
SW BRIER PL,2,0.211,16,20,1.0,1,0.115
SW 46TH PL,1,0.211,30,30,6.0,0,0.0
N CASTLE AVE,3,0.21,26,26,4.0,0,0.0
SE WAVERLEIGH BLVD,2,0.21,40,60,21.0,0,0.0
SE WOODSTOCK BLVD,4,0.209,32,40,11.0,0,0.0
NW ALBEMARLE TER,2,0.209,24,28,5.0,0,0.0
NW MAYFIELD RD,2,0.207,28,32,7.0,0,0.0
NE 146TH AVE,1,0.206,32,32,7.0,0,0.0
SW GERALD AVE,1,0.206,18,18,0.0,1,0.206
N IRIS WAY,4,0.206,24,36,9.0,0,0.0
NW MCKENNA DR,1,0.206,26,26,4.0,0,0.0
N CHAUTAUQUA PL,3,0.206,38,40,11.0,0,0.0
NW 2ND ST,2,0.204,12,18,0.0,2,0.204
NW WOOD ROSE LOOP,2,0.203,28,28,5.0,0,0.0
SW 26TH AVE,5,0.203,20,32,7.0,0,0.0
N CALVERT AVE,2,0.203,30,30,6.0,0,0.0
SW SANTA MONICA CT,2,0.203,34,34,8.0,0,0.0
SW 63RD DR,1,0.202,32,32,7.0,0,0.0
SW DICKINSON CT,2,0.202,32,32,7.0,0,0.0
N PRESCOTT ST,5,0.201,18,30,6.0,3,0.081
SW SEYMOUR DR,1,0.201,28,28,5.0,0,0.0
SE 120TH PL,2,0.2,26,26,4.0,0,0.0
N COLFAX ST,2,0.199,30,30,6.0,0,0.0
N WESTANNA AVE,3,0.199,28,28,5.0,0,0.0
NE 136TH PL,2,0.199,32,44,13.0,0,0.0
SW 13TH DR,2,0.198,30,30,6.0,0,0.0
NE HANCOCK DR,1,0.198,20,20,1.0,0,0.0
SW CLAY ST,2,0.198,36,36,9.0,0,0.0
NW 26TH AVE,4,0.198,36,36,9.0,0,0.0
SE 125TH AVE,4,0.197,22,32,7.0,0,0.0
N ALTA AVE,4,0.197,34,36,9.0,0,0.0
N KILLINGSWORTH CT,4,0.197,36,36,9.0,0,0.0
SW MARTINS LN,1,0.197,24,24,3.0,0,0.0
SW 54TH PL,4,0.197,32,34,8.0,0,0.0
SE FLAVEL CT,3,0.196,23,32,7.0,0,0.0
NW SKYLINE HEIGHTS DR,2,0.196,26,28,5.0,0,0.0
N COURTENAY AVE,2,0.196,28,32,7.0,0,0.0
N FAIRHAVEN AVE,2,0.194,24,24,3.0,0,0.0
SW SALMON ST,3,0.194,20,32,7.0,0,0.0
N BUTLER ST,3,0.194,14,16,-1.0,3,0.194
SW FERN ST,1,0.194,18,18,0.0,1,0.194
N HOLMES AVE,1,0.193,28,28,5.0,0,0.0
NW DAVIS ST,4,0.193,36,36,9.0,0,0.0
NW SPRINGVILLE RD,3,0.193,14,16,-1.0,3,0.193
SW 55TH PL,1,0.192,20,20,1.0,0,0.0
SW PARKHILL WAY,2,0.191,18,24,3.0,1,0.118
SW UPPER DR,2,0.19,20,24,3.0,0,0.0
SW GROVER ST,2,0.19,16,20,1.0,1,0.049
SE 146TH PL,4,0.19,20,32,7.0,0,0.0
SW 27TH PL,3,0.189,25,29,5.5,0,0.0
SW HOOKER ST,3,0.189,36,36,9.0,0,0.0
NW FRAZIER CT,3,0.188,26,26,4.0,0,0.0
NE HOLLADAY PL,2,0.188,28,28,5.0,0,0.0
SE PEACOCK LN,4,0.188,24,24,3.0,0,0.0
SW COLLINS CT,3,0.186,32,32,7.0,0,0.0
SE 108TH PL,3,0.186,28,32,7.0,0,0.0
NE GERTZ RD,2,0.185,20,20,1.0,0,0.0
SE LINN ST,2,0.185,36,36,9.0,0,0.0
SW MT ADAMS DR,3,0.185,22,24,3.0,0,0.0
SE BERKELEY PL,1,0.184,28,28,5.0,0,0.0
SE 165TH PL,2,0.184,28,28,5.0,0,0.0
SW 22ND AVE,2,0.183,15,20,1.0,1,0.094
NE LOMBARD CT,1,0.182,28,28,5.0,0,0.0
SW 31ST DR,1,0.182,18,18,0.0,1,0.182
SE 138TH DR,3,0.182,23,26,4.0,0,0.0
NW MACKAY AVE,1,0.181,28,28,5.0,0,0.0
NW RIO VISTA TER,1,0.181,24,24,3.0,0,0.0
NE 129TH AVE,2,0.181,32,32,7.0,0,0.0
N ST JOHNS AVE,4,0.181,30,30,6.0,0,0.0
SW TUALATIN AVE,3,0.18,24,24,3.0,0,0.0
SW DOWNS VIEW CT,1,0.18,28,28,5.0,0,0.0
NE 2ND AVE,2,0.179,20,36,9.0,0,0.0
SW 41ST PL,2,0.179,24,30,6.0,0,0.0
SW GEORGIAN PL,1,0.178,20,20,1.0,0,0.0
SW SEYMOUR CT,3,0.178,24,28,5.0,0,0.0
NW SUSSEX AVE,1,0.178,24,24,3.0,0,0.0
N MCCOY CT,4,0.178,26,26,4.0,0,0.0
NW PITTOCK AVE,2,0.177,30,30,6.0,0,0.0
SE POWELL BUTTE PKWY,3,0.177,26,26,4.0,0,0.0
NE BEYRL TER,3,0.176,28,32,7.0,0,0.0
NE BOEHMER ST,1,0.176,26,26,4.0,0,0.0
SE CRYSTAL SPRINGS ST,1,0.176,32,32,7.0,0,0.0
SW 35TH PL,3,0.175,28,28,5.0,0,0.0
SE 66TH PL,2,0.175,26,32,7.0,0,0.0
NW MARLBOROUGH AVE,2,0.175,20,24,3.0,0,0.0
SW BRENTWOOD DR,1,0.175,24,24,3.0,0,0.0
NW GREENBRIAR TER,1,0.174,24,24,3.0,0,0.0
N SKIDMORE CT,3,0.174,26,28,5.0,0,0.0
N BARR AVE,3,0.174,23,30,6.0,0,0.0
SE MARKET CT,3,0.174,30,32,7.0,0,0.0
NE MIRIMAR PL,3,0.173,28,28,5.0,0,0.0
SW 60TH PL,2,0.173,20,20,1.0,0,0.0
SW ALICE ST,3,0.172,18,24,3.0,1,0.051
NW RHODES LN,1,0.172,26,26,4.0,0,0.0
NE PARK LN,2,0.171,15,18,0.0,2,0.171
SW WESTWOOD LN,1,0.171,12,12,-3.0,1,0.171
SW 31ST CT,2,0.17,28,28,5.0,0,0.0
SW MONTGOMERY DR,2,0.17,20,28,5.0,0,0.0
NW ARIEL TER,2,0.17,16,24,3.0,1,0.055
SW STEPHENSON ST,1,0.169,21,21,1.5,0,0.0
SW KING AVE,4,0.168,36,36,9.0,0,0.0
NW CULPEPPER TER,1,0.168,24,24,3.0,0,0.0
SE ANKENY CIR,1,0.168,32,32,7.0,0,0.0
NW 112TH AVE,1,0.168,20,20,1.0,0,0.0
SE 169TH DR,1,0.168,32,32,7.0,0,0.0
SW ORCHARD HILL RD,3,0.167,26,32,7.0,0,0.0
SE TAMARACK AVE,3,0.167,24,24,3.0,0,0.0
N AINSWORTH ST,4,0.167,28,28,5.0,0,0.0
SW CREIGHTONWOOD PL,1,0.167,28,28,5.0,0,0.0
SE 119TH DR,3,0.167,32,32,7.0,0,0.0
NE SIMPSON CT,1,0.166,18,18,0.0,1,0.166
NE 95TH AVE,2,0.166,32,35,8.5,0,0.0
SW WOODS ST,4,0.166,24,36,9.0,0,0.0
SW LANCELOT LN,1,0.166,30,30,6.0,0,0.0
N HEREFORD AVE,1,0.165,32,32,7.0,0,0.0
NE 107TH AVE,2,0.164,20,28,5.0,0,0.0
NE EUCLID AVE,1,0.164,28,28,5.0,0,0.0
SW ADMIRAL ST,1,0.163,20,20,1.0,0,0.0
SW KARI LN,1,0.163,32,32,7.0,0,0.0
NE JONESMORE ST,2,0.163,28,28,5.0,0,0.0
SE MADISON CT,2,0.162,32,32,7.0,0,0.0
N DREW ST,3,0.162,20,32,7.0,0,0.0
SE 121ST AVE,2,0.162,25,32,7.0,0,0.0
SE GRANDVIEW TER,1,0.162,32,32,7.0,0,0.0
SE GLADSTONE DR,3,0.161,32,32,7.0,0,0.0
SW ARTHUR WAY,1,0.161,18,18,0.0,1,0.161
NE DEAN ST,2,0.161,36,36,9.0,0,0.0
SE TACOMA ST,4,0.161,13,60,21.0,1,0.058
N PIER PARK PL,3,0.16,36,36,9.0,0,0.0
SE SHERMAN DR,3,0.159,32,32,7.0,0,0.0
SE BUFORD LN,1,0.159,23,23,2.5,0,0.0
SE PINE CT,2,0.158,28,28,5.0,0,0.0
NW MANOR DR,1,0.157,20,20,1.0,0,0.0
SE LARCH AVE,2,0.157,24,24,3.0,0,0.0
SE KNAPP CIR,1,0.157,26,26,4.0,0,0.0
SE 133RD PL,3,0.156,23,28,5.0,0,0.0
NE LENORE ST,2,0.156,36,36,9.0,0,0.0
NE NEWPORT ST,2,0.156,32,32,7.0,0,0.0
SW VERMONT ST,3,0.156,30,30,6.0,0,0.0
SE HEMLOCK AVE,2,0.156,24,24,3.0,0,0.0
NE 77TH PL,2,0.156,24,30,6.0,0,0.0
SE 170TH DR,1,0.154,32,32,7.0,0,0.0
SW CHEHALEM AVE,3,0.154,21,24,3.0,0,0.0
SE MORELAND LN,2,0.154,16,24,3.0,1,0.046
SE HAWTHORNE MEADOWS ST,1,0.154,23,23,2.5,0,0.0
NE THOMPSON CT,3,0.153,28,28,5.0,0,0.0
NE DYER ST,2,0.153,26,28,5.0,0,0.0
SE 140TH PL,3,0.153,18,26,4.0,1,0.044
SE EVERGREEN DR,3,0.153,26,26,4.0,0,0.0
NE 92ND AVE,2,0.152,28,28,5.0,0,0.0
NE EDGEHILL PL,2,0.152,24,24,3.0,0,0.0
NW CALUMET TER,1,0.152,18,18,0.0,1,0.152
SE VAN WATER ST,1,0.15,30,30,6.0,0,0.0
SE HICKORY ST,2,0.15,24,24,3.0,0,0.0
SW WESTWOOD VW,1,0.15,18,18,0.0,1,0.15
NW SKYVIEW DR,2,0.149,20,20,1.0,0,0.0
SE 110TH AVE,3,0.149,28,40,11.0,0,0.0
SE 6TH AVE,3,0.148,28,42,12.0,0,0.0
N WELLESLEY AVE,2,0.148,26,26,4.0,0,0.0
SW 33RD DR,2,0.148,20,30,6.0,0,0.0
NW 28TH AVE,3,0.147,28,36,9.0,0,0.0
N COURT AVE,2,0.147,26,26,4.0,0,0.0
SW BUDDINGTON ST,2,0.146,22,32,7.0,0,0.0
SE ASH CT,2,0.146,28,30,6.0,0,0.0
SE OAK CT,1,0.146,18,18,0.0,1,0.146
SE HOLLY ST,2,0.146,24,24,3.0,0,0.0
SE 145TH CT,2,0.145,26,28,5.0,0,0.0
NW MONTE VISTA TER,1,0.145,16,16,-1.0,1,0.145
NW FRANKLIN CT,2,0.145,36,36,9.0,0,0.0
SE 127TH PL,2,0.145,26,29,5.5,0,0.0
SW HOMESTEAD DR,1,0.144,48,48,15.0,0,0.0
SE 115TH PL,2,0.144,28,28,5.0,0,0.0
SE 76TH PL,2,0.144,28,28,5.0,0,0.0
N SUPERIOR ST,2,0.144,15,36,9.0,1,0.067
NE LAWRENCE AVE,3,0.144,24,34,8.0,0,0.0
SE TAGGART CT,4,0.143,19,29,5.5,0,0.0
N BLISS ST,2,0.143,23,23,2.5,0,0.0
NW HAZELTINE ST,3,0.143,26,32,7.0,0,0.0
NW VERDE VISTA TER,2,0.142,18,24,3.0,1,0.045
NE 132ND PL,1,0.142,32,32,7.0,0,0.0
SE 104TH CT,1,0.142,28,28,5.0,0,0.0
N GOING ST,2,0.142,18,36,9.0,1,0.046
SW ORCHARD HILL LN,2,0.142,25,29,5.5,0,0.0
N OVERLOOK TER,3,0.142,18,18,0.0,3,0.142
N NEW YORK AVE,2,0.142,30,36,9.0,0,0.0
N NASHTON ST,2,0.141,20,30,6.0,0,0.0
N DANA AVE,2,0.141,22,32,7.0,0,0.0
SW GALE AVE,2,0.14,22,30,6.0,0,0.0
NW HOLLOWAY DR,1,0.14,26,26,4.0,0,0.0
NE FARGO CIR,1,0.14,20,20,1.0,0,0.0
NW COUNTRY WOODS LN,1,0.14,20,20,1.0,0,0.0
NW CUMBERLAND RD,1,0.139,24,24,3.0,0,0.0
NE DUDDLESON ST,1,0.138,26,26,4.0,0,0.0
N JOHNSWOOD DR,2,0.138,23,26,4.0,0,0.0
NE SANDYCREST TER,1,0.138,24,24,3.0,0,0.0
NE 160TH DR,3,0.138,32,32,7.0,0,0.0
N DECATUR ST,2,0.138,14,24,3.0,1,0.068
NW IMPERIAL TER,1,0.137,24,24,3.0,0,0.0
SW CONDOR WAY,1,0.137,36,36,9.0,0,0.0
N IVY ST,2,0.136,36,36,9.0,0,0.0
SW ELIZABETH ST,2,0.136,24,28,5.0,0,0.0
NE 148TH AVE,2,0.136,24,24,3.0,0,0.0
NE HOLLADAY CT,1,0.136,32,32,7.0,0,0.0
NE 102ND AVE FRONTAGE RD,2,0.135,18,20,1.0,1,0.057
NE 146TH DR,3,0.135,32,32,7.0,0,0.0
NE AINSWORTH CT,2,0.134,28,28,5.0,0,0.0
NE 106TH PL,2,0.134,28,28,5.0,0,0.0
SW ROSWELL AVE,1,0.134,20,20,1.0,0,0.0
NE 124TH AVE,3,0.134,32,32,7.0,0,0.0
NW CRESTVIEW WAY,1,0.133,26,26,4.0,0,0.0
NE GILE TER,1,0.132,22,22,2.0,0,0.0
NW THURMAN ST,1,0.132,20,20,1.0,0,0.0
SW GREEN AVE,2,0.132,23,24,3.0,0,0.0
SE ST ANDREWS DR,2,0.132,25,26,4.0,0,0.0
NE WIBERG LN,1,0.132,22,22,2.0,0,0.0
NE 126TH PL,2,0.131,28,28,5.0,0,0.0
SE RHINE CT,2,0.131,32,32,7.0,0,0.0
NW HAWKINS BLVD,2,0.131,28,28,5.0,0,0.0
SW NAITO PKWY FRONTAGE RD,3,0.131,20,24,3.0,0,0.0
SW HIGHLAND RD,2,0.13,18,18,0.0,2,0.13
NE EDGEWATER DR,2,0.129,23,23,2.5,0,0.0
NW MILDRED ST,1,0.129,24,24,3.0,0,0.0
N WOOLSEY AVE,3,0.129,29,36,9.0,0,0.0
N KISKA ST,2,0.129,30,30,6.0,0,0.0
NE 107TH PL,1,0.129,28,28,5.0,0,0.0
SW CARAWAY CT,2,0.128,28,32,7.0,0,0.0
NE RUSSELL PL,2,0.128,18,32,7.0,1,0.091
SE ANDEREGG DR,2,0.128,26,30,6.0,0,0.0
SW DOVER ST,1,0.126,26,26,4.0,0,0.0
SW CANBY CT,1,0.126,30,30,6.0,0,0.0
E BURNSIDE ST FRONTAGE RD,2,0.126,28,28,5.0,0,0.0
SE CLAY CT,1,0.126,32,32,7.0,0,0.0
N ALBERTA ST,1,0.126,36,36,9.0,0,0.0
NW BENSON LN,1,0.126,24,24,3.0,0,0.0
SE DUNBAR DR,1,0.126,23,23,2.5,0,0.0
NE KNOTT CT,2,0.125,32,32,7.0,0,0.0
NE 99TH AVE,1,0.125,28,28,5.0,0,0.0
NE 98TH AVE,1,0.125,16,16,-1.0,1,0.125
SE TENINO CT,2,0.125,20,36,9.0,0,0.0
SE STEPHENS PL,1,0.125,28,28,5.0,0,0.0
SE 148TH AVE,1,0.125,26,26,4.0,0,0.0
SE 145TH PL,1,0.125,28,28,5.0,0,0.0
N HURON AVE,1,0.125,24,24,3.0,0,0.0
N STOCKTON AVE,1,0.125,20,20,1.0,0,0.0
SW FAIRVIEW CIRCUS,1,0.125,14,14,-2.0,1,0.125
SE HENRY PL,1,0.125,30,30,6.0,0,0.0
SE 174TH PL,1,0.124,32,32,7.0,0,0.0
SW FREEMAN CT,1,0.124,32,32,7.0,0,0.0
NE MASON CT,1,0.124,26,26,4.0,0,0.0
SE 75TH PL,1,0.124,32,32,7.0,0,0.0
SW 34TH PL,2,0.124,32,32,7.0,0,0.0
N LIBERTY ST,1,0.124,24,24,3.0,0,0.0
NE LIBERTY TER,2,0.124,28,28,5.0,0,0.0
NE BEAKEY ST,1,0.123,30,30,6.0,0,0.0
NE RANDALL AVE,3,0.123,21,36,9.0,0,0.0
SW GILLCREST CT,1,0.122,30,30,6.0,0,0.0
SW ASH CREEK DR,2,0.122,32,32,7.0,0,0.0
SW PATTON LN,1,0.121,24,24,3.0,0,0.0
SW KANAN ST,2,0.121,10,28,5.0,1,0.089
N SKY ST,1,0.121,30,30,6.0,0,0.0
SW LEE ST,2,0.12,25,28,5.0,0,0.0
SW LYLE CT,1,0.12,28,28,5.0,0,0.0
SW FAIRVALE DR,1,0.12,18,18,0.0,1,0.12
SW 35TH AVE,2,0.119,12,24,3.0,1,0.095
NW 20TH PL,1,0.119,36,36,9.0,0,0.0
SW JAN TREE CT,1,0.119,28,28,5.0,0,0.0
SW MARKET STREET DR,2,0.119,24,24,3.0,0,0.0
NE WALKER ST,1,0.118,24,24,3.0,0,0.0
NE 165TH AVE,3,0.118,23,23,2.5,0,0.0
SW WOODLEE HEIGHTS CT,1,0.118,32,32,7.0,0,0.0
N COLUMBIA CT,1,0.118,32,32,7.0,0,0.0
N CHATHAM AVE,1,0.117,36,36,9.0,0,0.0
SW CACTUS DR,1,0.117,24,24,3.0,0,0.0
NW MENDENHALL ST,1,0.116,32,32,7.0,0,0.0
SW 64TH PL,1,0.116,20,20,1.0,0,0.0
SW BARNES RD,1,0.116,16,16,-1.0,1,0.116
N ALASKA PL,1,0.116,30,30,6.0,0,0.0
SE VALENTINE DR,2,0.116,26,26,4.0,0,0.0
NE TAMERA LN,1,0.116,20,20,1.0,0,0.0
N SKIDMORE TER,1,0.116,16,16,-1.0,1,0.116
NE WARD ST,1,0.116,32,32,7.0,0,0.0
NE BUXTON ST,2,0.116,36,36,9.0,0,0.0
NW TWILIGHT TER,2,0.115,28,28,5.0,0,0.0
SW ROUNDTREE CT,2,0.115,32,32,7.0,0,0.0
SE FIRENZE LN,2,0.115,16,16,-1.0,2,0.115
SE WOODSTOCK CT,2,0.115,32,40,11.0,0,0.0
SW STONEBROOK DR,2,0.115,28,30,6.0,0,0.0
SW GIBBS ST,2,0.114,24,36,9.0,0,0.0
SW BUENAVISTA DR,1,0.114,20,20,1.0,0,0.0
NW COLLEGE DR,1,0.114,12,12,-3.0,1,0.114
SW CRESTLINE DR,2,0.113,24,28,5.0,0,0.0
NW BEUHLA VISTA TER,2,0.113,24,24,3.0,0,0.0
SE MOUNTAIN VIEW DR,2,0.113,24,24,3.0,0,0.0
NE MADRONA ST,2,0.113,36,36,9.0,0,0.0
NE CRANE ST,2,0.113,22,22,2.0,0,0.0
SE LILLIAN WAY,1,0.113,30,30,6.0,0,0.0
NE MORTON ST,2,0.112,26,36,9.0,0,0.0
SW LOGAN CT,2,0.112,28,32,7.0,0,0.0
SW YAMHILL ST,2,0.112,24,36,9.0,0,0.0
SE WOODWARD CT,1,0.112,32,32,7.0,0,0.0
SW JACKSON ST,2,0.112,26,28,5.0,0,0.0
SW 29TH CT,2,0.112,28,28,5.0,0,0.0
SE LAFAYETTE CT,2,0.112,30,30,6.0,0,0.0
SW 6TH CT,1,0.11,20,20,1.0,0,0.0
SW WRIGHT AVE,1,0.11,22,22,2.0,0,0.0
SE WASHINGTON CT,3,0.11,24,32,7.0,0,0.0
NW MORGAN LN,1,0.11,32,32,7.0,0,0.0
SW 23RD DR,1,0.11,30,30,6.0,0,0.0
NW MELINDA AVE,2,0.11,28,28,5.0,0,0.0
SW WOODS CREEK CT,1,0.109,28,28,5.0,0,0.0
N FESSENDEN ST,3,0.109,29,29,5.5,0,0.0
SW 51ST PL,2,0.109,28,32,7.0,0,0.0
N EMERSON DR,1,0.109,24,24,3.0,0,0.0
N TYNDALL AVE,1,0.109,32,32,7.0,0,0.0
NE CLAREMONT AVE,2,0.109,36,36,9.0,0,0.0
NW 2ND CT,1,0.109,12,12,-3.0,1,0.109
N RICHARDS ST,1,0.108,32,32,7.0,0,0.0
N UNIVERSITY AVE,1,0.108,26,26,4.0,0,0.0
N ROCHESTER ST,1,0.108,26,26,4.0,0,0.0
NE FAILING CT,1,0.108,32,32,7.0,0,0.0
NW SHENANDOAH TER,1,0.108,24,24,3.0,0,0.0
SW YAMHILL DR,1,0.107,20,20,1.0,0,0.0
NW 83RD PL,1,0.107,32,32,7.0,0,0.0
SW 59TH DR,2,0.107,32,32,7.0,0,0.0
NW TUALATIN AVE,1,0.107,16,16,-1.0,1,0.107
NE SENATE ST,1,0.107,28,28,5.0,0,0.0
SW 13TH CT,1,0.107,25,25,3.5,0,0.0
SE MARKET DR,2,0.107,32,32,7.0,0,0.0
SE 117TH AVE,2,0.106,32,32,7.0,0,0.0
NE 143RD PL,1,0.106,32,32,7.0,0,0.0
SE GRAND AVE,3,0.106,31,40,11.0,0,0.0
SW SOUTHVIEW ST,2,0.106,40,40,11.0,0,0.0
NE MEIKLE PL,1,0.106,28,28,5.0,0,0.0
NE 95TH PL,1,0.105,28,28,5.0,0,0.0
SW CALDEW DR,1,0.105,18,18,0.0,1,0.105
SW FAIRMOUNT LN,1,0.105,18,18,0.0,1,0.105
NW LOMITA TER,1,0.105,24,24,3.0,0,0.0
NE STUART DR,1,0.105,18,18,0.0,1,0.105
NE 92ND PL,1,0.103,28,28,5.0,0,0.0
SW 49TH CT,2,0.103,26,32,7.0,0,0.0
NE 137TH PL,1,0.103,32,32,7.0,0,0.0
NE DAVIS CT,2,0.103,23,23,2.5,0,0.0
SW DONNER WAY,1,0.103,20,20,1.0,0,0.0
NE ALAMEDA DR,1,0.102,28,28,5.0,0,0.0
NE PACIFIC CT,1,0.102,28,28,5.0,0,0.0
SE 160TH PL,1,0.101,32,32,7.0,0,0.0
SE KNAPP DR,1,0.101,26,26,4.0,0,0.0
SW GALEBURN ST,3,0.101,24,32,7.0,0,0.0
NE PRESCOTT ST,2,0.101,18,20,1.0,1,0.049
SE ALTA VERDE DR,1,0.101,28,28,5.0,0,0.0
N MINERVA AVE,1,0.101,32,32,7.0,0,0.0
NE 113TH PL,2,0.101,20,32,7.0,0,0.0
SW SPRING ST,2,0.1,26,26,4.0,0,0.0
SW ARDMORE AVE,1,0.1,24,24,3.0,0,0.0
NW ASPEN AVE,2,0.1,16,30,6.0,1,0.047
SW DOSCHDALE DR,2,0.1,30,30,6.0,0,0.0
SE BEARSPAW ST,1,0.099,24,24,3.0,0,0.0
NE 139TH AVE,2,0.099,32,32,7.0,0,0.0
NE 132ND CT,1,0.099,28,28,5.0,0,0.0
SW DICKINSON LN,1,0.099,32,32,7.0,0,0.0
SW DOSCH CT,1,0.099,18,18,0.0,1,0.099
SE LOUNSBERRY LN,3,0.099,16,16,-1.0,3,0.099
SW EVERGREEN TER,1,0.099,18,18,0.0,1,0.099
SW CONDOR LN,1,0.099,18,18,0.0,1,0.099
NW 32ND AVE,2,0.098,24,28,5.0,0,0.0
N IDA AVE,2,0.098,22,24,3.0,0,0.0
SE 138TH PL,3,0.098,20,26,4.0,0,0.0
SW POMONA ST,2,0.098,22,32,7.0,0,0.0
SW HEATHER LN,1,0.098,18,18,0.0,1,0.098
NW RIVERSCAPE ST,2,0.098,33,33,7.5,0,0.0
N KALMAR ST,1,0.098,12,12,-3.0,1,0.098
SW EXCALIBUR PL,1,0.097,30,30,6.0,0,0.0
NW HENRY CT,1,0.097,28,28,5.0,0,0.0
SE PINERIDGE CT,1,0.096,28,28,5.0,0,0.0
SW GAINES ST,2,0.096,28,36,9.0,0,0.0
SW TAYLORS FERRY RD,1,0.096,24,24,3.0,0,0.0
SE 171ST DR,1,0.096,32,32,7.0,0,0.0
SW PENNOYER ST,1,0.095,36,36,9.0,0,0.0
SW SEMLER WAY,1,0.095,28,28,5.0,0,0.0
SW CURRY ST,2,0.095,12,36,9.0,1,0.048
SW ERICWOOD LN,1,0.094,30,30,6.0,0,0.0
NW HOPEDALE CT,1,0.094,28,28,5.0,0,0.0
SW CHELTENHAM DR,1,0.094,28,28,5.0,0,0.0
SW 59TH CT,1,0.094,26,26,4.0,0,0.0
SW ROBERT CT,1,0.093,28,28,5.0,0,0.0
SE CRYSTAL VIEW DR,1,0.093,32,32,7.0,0,0.0
NW TERRACEVIEW CT,1,0.093,28,28,5.0,0,0.0
SE GAIBLER LN,1,0.093,21,21,1.5,0,0.0
SW SNYDER PL,2,0.092,28,28,5.0,0,0.0
SE ANDEREGG LOOP,2,0.092,26,26,4.0,0,0.0
NE WILLOW ST,1,0.092,28,28,5.0,0,0.0
SW KINGS CT,1,0.092,36,36,9.0,0,0.0
NE MALTBY ST,1,0.092,30,30,6.0,0,0.0
N WINDLE ST,1,0.091,24,24,3.0,0,0.0
SE PLATT AVE,2,0.091,23,23,2.5,0,0.0
NW BAILEY ST,1,0.091,14,14,-2.0,1,0.091
SW ALFRED CT,1,0.091,12,12,-3.0,1,0.091
SW 36TH CT,2,0.091,28,28,5.0,0,0.0
N CAMBRIDGE AVE,1,0.091,26,26,4.0,0,0.0
SW AUDREY LN,1,0.09,16,16,-1.0,1,0.09
SW GUNTHER LN,1,0.089,16,16,-1.0,1,0.089
NE WINONA ST,1,0.089,36,36,9.0,0,0.0
SW CARL PL,1,0.088,20,20,1.0,0,0.0
NW NORFOLK CT,1,0.088,28,28,5.0,0,0.0
SE KNAPP LN,1,0.087,32,32,7.0,0,0.0
SE ORANGE AVE,2,0.087,24,24,3.0,0,0.0
SE SPOKANE CT,2,0.087,26,26,4.0,0,0.0
SW WHITAKER ST,2,0.087,36,36,9.0,0,0.0
NE BALDWIN ST,1,0.086,24,24,3.0,0,0.0
SW 12TH PL,2,0.086,28,28,5.0,0,0.0
SE 143RD CT,2,0.086,28,28,5.0,0,0.0
SE ASH PL,1,0.086,30,30,6.0,0,0.0
SW EAGLES NEST LN,1,0.085,28,28,5.0,0,0.0
SW PORTER ST,2,0.085,36,36,9.0,0,0.0
SE MAPLE AVE,2,0.084,24,24,3.0,0,0.0
N LOMBARD WAY,1,0.084,36,36,9.0,0,0.0
SE 91ST PL,1,0.084,26,26,4.0,0,0.0
SE 119TH CT,1,0.084,32,32,7.0,0,0.0
SE EXETER DR,1,0.084,25,25,3.5,0,0.0
SW WOODLEE HEIGHTS AVE,2,0.084,32,32,7.0,0,0.0
NE 7TH PL,1,0.084,28,28,5.0,0,0.0
SE GLADSTONE CT,1,0.084,32,32,7.0,0,0.0
SE POPLAR AVE,2,0.083,24,24,3.0,0,0.0
SW 42ND PL,1,0.083,30,30,6.0,0,0.0
SW 6TH PL,1,0.083,28,28,5.0,0,0.0
SW GASTON AVE,1,0.082,18,18,0.0,1,0.082
SW TERRI CT,1,0.082,32,32,7.0,0,0.0
SW JULIA ST,1,0.082,14,14,-2.0,1,0.082
SW 29TH PL,2,0.082,24,32,7.0,0,0.0
SW CABLE AVE,1,0.082,12,12,-3.0,1,0.082
SE LYDIA CT,1,0.081,32,32,7.0,0,0.0
NE 96TH AVE,1,0.081,21,21,1.5,0,0.0
SE HAWK CT,1,0.081,28,28,5.0,0,0.0
SE 122ND AVE FRONTAGE RD,1,0.081,26,26,4.0,0,0.0
SW OPHELIA ST,1,0.081,32,32,7.0,0,0.0
NE JEWELL ST,2,0.081,32,32,7.0,0,0.0
SW VINCENT PL,1,0.081,28,28,5.0,0,0.0
SW MEADE ST,2,0.081,36,36,9.0,0,0.0
NW AVOCET LN,1,0.08,26,26,4.0,0,0.0
SW MITCHELL LN,1,0.08,18,18,0.0,1,0.08
NE MILTON CT,3,0.08,32,36,9.0,0,0.0
N BEECH ST,2,0.079,36,36,9.0,0,0.0
SW FLORENCE LN,1,0.079,32,32,7.0,0,0.0
SW MADISON CT,1,0.079,32,32,7.0,0,0.0
NE 126TH CT,1,0.079,32,32,7.0,0,0.0
NW LURAY CIRCUS,1,0.079,18,18,0.0,1,0.079
SW BRAE MAR CT,1,0.079,16,16,-1.0,1,0.079
NE RODNEY CT,1,0.079,30,30,6.0,0,0.0
SE BELMORE ST,2,0.078,26,26,4.0,0,0.0
SW GREENLEAF DR,1,0.078,16,16,-1.0,1,0.078
NE HOLLYROOD CT,1,0.078,28,28,5.0,0,0.0
NW FINZER CT,1,0.078,28,28,5.0,0,0.0
SW BEAVERTON HILLSDALE HWY,1,0.078,20,20,1.0,0,0.0
NE MATHISON PL,1,0.078,28,28,5.0,0,0.0
NE 15TH AVE,2,0.078,36,36,9.0,0,0.0
SW DOWNSVIEW TER,1,0.077,28,28,5.0,0,0.0
SW 9TH PL,1,0.077,20,20,1.0,0,0.0
NE GILHAM AVE,1,0.077,30,30,6.0,0,0.0
N TODD ST,1,0.077,24,24,3.0,0,0.0
NW WINSTON DR,1,0.077,20,20,1.0,0,0.0
SW OAK CREEK DR,2,0.076,32,32,7.0,0,0.0
NW DURRETT ST,1,0.076,26,26,4.0,0,0.0
N ROSELAWN ST,1,0.076,26,26,4.0,0,0.0
SW TEXAS CT,1,0.076,28,28,5.0,0,0.0
NE 61ST PL,1,0.076,26,26,4.0,0,0.0
NE HANCOCK CT,2,0.075,28,32,7.0,0,0.0
N FORTUNE CT,1,0.075,36,36,9.0,0,0.0
NW MACLEAY BLVD,1,0.075,24,24,3.0,0,0.0
NE 50TH PL,1,0.075,20,20,1.0,0,0.0
SE 123RD AVE,1,0.075,28,28,5.0,0,0.0
SE SPRINGWATER DR,1,0.075,24,24,3.0,0,0.0
SW SANTA MONICA ST,2,0.075,30,30,6.0,0,0.0
NE 114TH PL,1,0.074,72,72,27.0,0,0.0
SW FAIRHAVEN LN,1,0.074,24,24,3.0,0,0.0
NE MERGES DR,1,0.074,28,28,5.0,0,0.0
SW COMMONWEALTH AVE,1,0.074,18,18,0.0,1,0.074
NE 109TH CT,1,0.074,28,28,5.0,0,0.0
SW RICHARDSON ST,1,0.074,28,28,5.0,0,0.0
NE 163RD PL,2,0.073,23,23,2.5,0,0.0
SW SHEFFIELD AVE,1,0.073,12,12,-3.0,1,0.073
SW 49TH DR,1,0.073,18,18,0.0,1,0.073
N STANTON ST,1,0.073,36,36,9.0,0,0.0
SW MEDWYN TER,1,0.073,26,26,4.0,0,0.0
NE CRAMER ST,1,0.072,24,24,3.0,0,0.0
SW VACUNA CT,2,0.072,28,28,5.0,0,0.0
SW EVERGREEN LN,1,0.072,14,14,-2.0,1,0.072
SE LAURELHURST PL,1,0.072,28,28,5.0,0,0.0
N FAIRPORT PL,1,0.072,24,24,3.0,0,0.0
NW FLEISCHNER ST,1,0.072,26,26,4.0,0,0.0
SE BELMONT ST,1,0.072,17,17,-0.5,1,0.072
SW VALONA WAY,1,0.072,20,20,1.0,0,0.0
SE EAST VIEW CT,1,0.071,26,26,4.0,0,0.0
SW RADCLIFFE LN,1,0.071,12,12,-3.0,1,0.071
SE 131ST PL,2,0.071,32,32,7.0,0,0.0
SW DOUGLAS PL,1,0.071,26,26,4.0,0,0.0
N WARREN ST,1,0.071,36,36,9.0,0,0.0
SW CANBY LN,1,0.07,32,32,7.0,0,0.0
SE OGDEN CT,1,0.07,16,16,-1.0,1,0.07
NE BILLINGHER DR,1,0.069,28,28,5.0,0,0.0
SW GRENWOLDE PL,1,0.069,20,20,1.0,0,0.0
SE 134TH PL,1,0.069,32,32,7.0,0,0.0
SW STONEBROOK CT,1,0.069,28,28,5.0,0,0.0
NE GRAHAM PL,1,0.069,24,24,3.0,0,0.0
SW MENEFEE LN,1,0.069,12,12,-3.0,1,0.069
N ELMORE AVE,1,0.068,28,28,5.0,0,0.0
SW 9TH DR,1,0.068,22,22,2.0,0,0.0
SE BUSH PL,1,0.068,26,26,4.0,0,0.0
SE RHONE CT,1,0.068,16,16,-1.0,1,0.068
SE NEHALEM CT,1,0.068,26,26,4.0,0,0.0
N MORRIS ST,1,0.068,34,34,8.0,0,0.0
SE CRYSTAL CT,1,0.068,32,32,7.0,0,0.0
NW UNNAMED RD,2,0.068,15,15,-1.5,2,0.068
NW ASH CT,1,0.068,28,28,5.0,0,0.0
NW ABERNETHY RD,1,0.068,26,26,4.0,0,0.0
SW CHELTENHAM CT,1,0.068,16,16,-1.0,1,0.068
SE MEADOWLAND CT,1,0.067,26,26,4.0,0,0.0
SW 26TH PL,1,0.067,20,20,1.0,0,0.0
NE EMERSON CT,1,0.067,28,28,5.0,0,0.0
NE 33RD AVE-LOMBARD ST RAMP,1,0.067,22,22,2.0,0,0.0
SE GILHAM AVE,1,0.066,26,26,4.0,0,0.0
SE 129TH PL,1,0.066,20,20,1.0,0,0.0
NE 88TH PL,1,0.065,28,28,5.0,0,0.0
SW STREAMSIDE DR,2,0.065,28,28,5.0,0,0.0
SW CARTER LN,1,0.065,26,26,4.0,0,0.0
NW MILL RIDGE RD,1,0.065,32,32,7.0,0,0.0
NE 157TH PL,1,0.065,28,28,5.0,0,0.0
SE SAWTOOTH ST,1,0.064,24,24,3.0,0,0.0
SW RICHENBERG CT,1,0.064,32,32,7.0,0,0.0
SW RIDGEVIEW LN,1,0.064,21,21,1.5,0,0.0
SW 61ST PL,1,0.064,28,28,5.0,0,0.0
SE LEE ANNA WAY,1,0.064,30,30,6.0,0,0.0
N MONROE ST,1,0.064,36,36,9.0,0,0.0
SE 126TH AVE,1,0.064,28,28,5.0,0,0.0
N COOK ST,1,0.063,32,32,7.0,0,0.0
N FARGO ST,1,0.063,36,36,9.0,0,0.0
NW 31ST AVE,1,0.063,24,24,3.0,0,0.0
SE IVON CT,1,0.063,25,25,3.5,0,0.0
SE 143RD PL,1,0.063,32,32,7.0,0,0.0
SE 114TH CT,1,0.062,28,28,5.0,0,0.0
N DICKENS ST,1,0.062,24,24,3.0,0,0.0
SE 80TH PL,1,0.062,32,32,7.0,0,0.0
NW BENSON CT,1,0.062,28,28,5.0,0,0.0
NE 46TH PL,1,0.062,30,30,6.0,0,0.0
NW SUMMIT CT,1,0.062,24,24,3.0,0,0.0
NE PORTLAND BOULEVARD CT,1,0.061,30,30,6.0,0,0.0
NE ST GEORGE ST,1,0.061,20,20,1.0,0,0.0
SW BERTHA AVE,1,0.061,28,28,5.0,0,0.0
SW 61ST CT,2,0.061,32,33,7.5,0,0.0
N EASY ST,1,0.061,14,14,-2.0,1,0.061
SW HUNT CLUB PL,1,0.061,26,26,4.0,0,0.0
NW MARCIA ST,1,0.061,18,18,0.0,1,0.061
SW ST HELENS CT,1,0.061,28,28,5.0,0,0.0
N PIERCE AVE,1,0.06,20,20,1.0,0,0.0
SW PARKSIDE LN,1,0.06,9,9,-4.5,1,0.06
SW LOCUST ST,1,0.06,30,30,6.0,0,0.0
SW ENGLISH LN,1,0.059,24,24,3.0,0,0.0
NW 48TH AVE,1,0.059,22,22,2.0,0,0.0
SW LURADEL LN,1,0.059,28,28,5.0,0,0.0
SE 159TH PL,1,0.059,20,20,1.0,0,0.0
SE 90TH PL,1,0.059,32,32,7.0,0,0.0
SW NEHALEM CT,1,0.059,18,18,0.0,1,0.059
NE 47TH PL,1,0.058,20,20,1.0,0,0.0
SE JOHNSTON DR,1,0.058,23,23,2.5,0,0.0
SW TYROL ST,1,0.058,24,24,3.0,0,0.0
NE SPRINGBROOK ST,1,0.058,32,32,7.0,0,0.0
SW TAYLOR ST,1,0.058,36,36,9.0,0,0.0
N BRUCE AVE,1,0.057,28,28,5.0,0,0.0
N GILBERT PL,1,0.057,30,30,6.0,0,0.0
SW CASCADE DR,1,0.057,14,14,-2.0,1,0.057
SW ALTADENA TER,1,0.057,18,18,0.0,1,0.057
SW 58TH CT,1,0.056,26,26,4.0,0,0.0
SE BROOKLYN CT,2,0.056,26,50,16.0,0,0.0
NE 159TH CT,1,0.056,20,20,1.0,0,0.0
N PORTSMOUTH AVE,1,0.056,50,50,16.0,0,0.0
N WESTANNA CT,1,0.056,30,30,6.0,0,0.0
NW VERNON CT,1,0.055,20,20,1.0,0,0.0
SE 141ST PL,1,0.055,26,26,4.0,0,0.0
SW SELLING CT,1,0.055,28,28,5.0,0,0.0
SE 130TH PL,1,0.055,28,28,5.0,0,0.0
SW DAVENPORT LN,1,0.055,12,12,-3.0,1,0.055
SW 69TH AVE,1,0.055,22,22,2.0,0,0.0
NE 66TH PL,1,0.054,36,36,9.0,0,0.0
SE BUFORD CT,1,0.054,23,23,2.5,0,0.0
NE 124TH PL,2,0.054,28,32,7.0,0,0.0
SE EQUESTRIAN WAY,1,0.054,26,26,4.0,0,0.0
SW CROSS AVE,1,0.054,18,18,0.0,1,0.054
SW KARLA CT,1,0.054,28,28,5.0,0,0.0
NW VALLEY VIEW LN,1,0.053,20,20,1.0,0,0.0
SW 22ND PL,1,0.053,14,14,-2.0,1,0.053
NW SKYVIEW CT,1,0.053,28,28,5.0,0,0.0
SE HENDERSON CT,1,0.053,22,22,2.0,0,0.0
NE 147TH AVE,2,0.053,12,13,-2.5,2,0.053
SE ELSASSER LN,1,0.053,32,32,7.0,0,0.0
NE SCHUYLER CT,1,0.053,32,32,7.0,0,0.0
SE KNAPP CT,1,0.052,28,28,5.0,0,0.0
N EDGEWATER ST,1,0.052,18,18,0.0,1,0.052
SW 63RD PL,1,0.052,32,32,7.0,0,0.0
SW ABERNETHY ST,1,0.052,12,12,-3.0,1,0.052
N MENLO AVE,1,0.052,28,28,5.0,0,0.0
SE 161ST AVE,1,0.052,28,28,5.0,0,0.0
SE 15TH PL,1,0.052,28,28,5.0,0,0.0
SE 118TH PL,1,0.052,24,24,3.0,0,0.0
SE WOODWARD PL,1,0.052,32,32,7.0,0,0.0
NW SHEPARD ST,1,0.052,14,14,-2.0,1,0.052
SW JEFFERSON ST,1,0.052,14,14,-2.0,1,0.052
N ADRIATIC AVE,2,0.051,28,30,6.0,0,0.0
SW COLLEGE ST,1,0.051,26,26,4.0,0,0.0
SW BANCROFT CT,1,0.051,24,24,3.0,0,0.0
SW FAIRMOUNT BLVD,1,0.051,12,12,-3.0,1,0.051
NW 34TH AVE,1,0.051,24,24,3.0,0,0.0
NW WINCHESTER TER,1,0.051,18,18,0.0,1,0.051
SE TESSA ST,1,0.051,25,25,3.5,0,0.0
SW MONTGOMERY ST,1,0.051,40,40,11.0,0,0.0
SW TERWILLIGER PL,1,0.05,28,28,5.0,0,0.0
N GRAVENSTEIN AVE,1,0.05,28,28,5.0,0,0.0
N ESPERANZA ST,1,0.05,29,29,5.5,0,0.0
SE 136TH PL,2,0.05,32,32,7.0,0,0.0
NE FIR AVE,1,0.05,28,28,5.0,0,0.0
SW BARBUR BLVD FRONTAGE RD,1,0.05,18,18,0.0,1,0.05
NE ASHLEY ST,1,0.05,29,29,5.5,0,0.0
SE 117TH PL,1,0.049,28,28,5.0,0,0.0
N KILLINGSWORTH ST,1,0.049,34,34,8.0,0,0.0
SW HOWARDS WAY,1,0.049,28,28,5.0,0,0.0
NE 3RD AVE,1,0.049,36,36,9.0,0,0.0
N GAMMANS PL,1,0.049,24,24,3.0,0,0.0
NE 1ST AVE,1,0.049,36,36,9.0,0,0.0
N PAGE ST,1,0.049,36,36,9.0,0,0.0
N MATHER PL,1,0.049,24,24,3.0,0,0.0
SW TERLYN CT,1,0.049,28,28,5.0,0,0.0
N TAFT AVE,1,0.049,30,30,6.0,0,0.0
N SALEM AVE,1,0.049,30,30,6.0,0,0.0
NE 58TH CT,1,0.049,10,10,-4.0,1,0.049
NE HILL WAY,1,0.049,28,28,5.0,0,0.0
NE 155TH CT,1,0.049,32,32,7.0,0,0.0
SE CREST CT,1,0.048,26,26,4.0,0,0.0
SW TALBOT PL,1,0.048,18,18,0.0,1,0.048
SE 80TH CT,1,0.048,20,20,1.0,0,0.0
SE CESAR E CHAVEZ BLVD,1,0.047,24,24,3.0,0,0.0
SE 154TH PL,1,0.047,26,26,4.0,0,0.0
NW SLOCUM WAY,1,0.047,32,32,7.0,0,0.0
SW TICHNER DR,1,0.046,23,23,2.5,0,0.0
NW ROANOKE ST,1,0.046,24,24,3.0,0,0.0
SE BOISE CT,1,0.046,17,17,-0.5,1,0.046
NE PRESCOTT DR,1,0.046,44,44,13.0,0,0.0
SE 60TH PL,1,0.046,29,29,5.5,0,0.0
NW GROCE ST,1,0.045,20,20,1.0,0,0.0
SW EDGEMONT PL,1,0.045,18,18,0.0,1,0.045
NW CAXTON CT,1,0.045,28,28,5.0,0,0.0
SE 168TH PL,1,0.045,28,28,5.0,0,0.0
SE ELVA ST,1,0.045,20,20,1.0,0,0.0
SW LANE ST,1,0.045,32,32,7.0,0,0.0
SE 16TH PL,1,0.045,28,28,5.0,0,0.0
NW RAINIER TER,1,0.045,16,16,-1.0,1,0.045
NW BRITTNEY CT,1,0.044,28,28,5.0,0,0.0
SE 163RD PL,1,0.044,32,32,7.0,0,0.0
NE TILLAMOOK CT,2,0.044,28,32,7.0,0,0.0
SW FLORIDA CT,1,0.044,30,30,6.0,0,0.0
NE 110TH PL,1,0.044,22,22,2.0,0,0.0
NW POTTERS CT,1,0.044,28,28,5.0,0,0.0
SW COUNCIL CREST DR,1,0.044,18,18,0.0,1,0.044
SE MARY JEAN CT,1,0.043,20,20,1.0,0,0.0
NW RAPIDAN TER,1,0.043,18,18,0.0,1,0.043
NE FAIRWAY DR,1,0.043,23,23,2.5,0,0.0
SE HARNEY CT,1,0.043,17,17,-0.5,1,0.043
SW ALTA MIRA CIR,1,0.043,28,28,5.0,0,0.0
SE 68TH PL,1,0.043,28,28,5.0,0,0.0
SE 156TH PL,1,0.043,32,32,7.0,0,0.0
NE BRYANT CT,1,0.043,28,28,5.0,0,0.0
SW 56TH CT,2,0.043,26,30,6.0,0,0.0
SE MALDEN DR,1,0.043,22,22,2.0,0,0.0
NE 133RD PL,1,0.042,28,28,5.0,0,0.0
NE 45TH PL,1,0.042,24,24,3.0,0,0.0
SW REDONDO AVE,1,0.042,30,30,6.0,0,0.0
NE 141ST PL,1,0.042,26,26,4.0,0,0.0
SE FLORAL PL,1,0.041,28,28,5.0,0,0.0
SE EASTRIDGE CT,1,0.041,28,28,5.0,0,0.0
SE LENNON CT,1,0.041,26,26,4.0,0,0.0
NE MILTON PL,1,0.041,32,32,7.0,0,0.0
SW LAFAYETTE PL,1,0.041,24,24,3.0,0,0.0
SW BEAVERTON CT,1,0.04,12,12,-3.0,1,0.04
SW PLUM ST,1,0.04,20,20,1.0,0,0.0
NW FOLEY CT,1,0.04,28,28,5.0,0,0.0
SE FIRCREST CT,1,0.04,28,28,5.0,0,0.0
SE 163RD AVE,1,0.04,32,32,7.0,0,0.0
SW CAPITOL HWY,1,0.04,30,30,6.0,0,0.0
SW DAVENPORT CT,1,0.04,18,18,0.0,1,0.04
SW BRIDLEMILE CT,1,0.04,24,24,3.0,0,0.0
NE 152ND CT,1,0.04,32,32,7.0,0,0.0
NW MIDWAY AVE,1,0.039,14,14,-2.0,1,0.039
N EMERSON CT,1,0.039,24,24,3.0,0,0.0
NW RAINMONT RD,1,0.039,32,32,7.0,0,0.0
SW PEACEFUL LN,1,0.039,40,40,11.0,0,0.0
SW MERLIN CT,1,0.038,30,30,6.0,0,0.0
N CRAMER ST,1,0.038,30,30,6.0,0,0.0
SW 60TH CT,1,0.038,28,28,5.0,0,0.0
NE ROCKY BUTTE LN,1,0.038,28,28,5.0,0,0.0
N FOSS CT,1,0.038,26,26,4.0,0,0.0
NE 154TH CT,1,0.037,32,32,7.0,0,0.0
SW 56TH PL,1,0.037,28,28,5.0,0,0.0
NE LOMBARD ST-33RD AVE RAMP,1,0.037,22,22,2.0,0,0.0
NW BURKHARDT CT,1,0.037,28,28,5.0,0,0.0
N FOWLER CT,1,0.037,28,28,5.0,0,0.0
NW LOVEJOY ST,1,0.037,28,28,5.0,0,0.0
SE ANKENY CT,1,0.037,32,32,7.0,0,0.0
SW JULIA CT,1,0.037,28,28,5.0,0,0.0
SE CARUTHERS CT,1,0.037,20,20,1.0,0,0.0
NW 3RD CT,1,0.037,10,10,-4.0,1,0.037
SW MARTHA CT,1,0.036,20,20,1.0,0,0.0
SW TRAIL CT,1,0.036,32,32,7.0,0,0.0
NW RUNNYMEADE CT,1,0.036,28,28,5.0,0,0.0
SE POWELL VIEW CT,1,0.036,26,26,4.0,0,0.0
SW HUBER CT,1,0.036,26,26,4.0,0,0.0
SW TWOMBLY AVE,1,0.036,20,20,1.0,0,0.0
SE EVERGREEN CT,1,0.035,28,28,5.0,0,0.0
SE 152ND PL,1,0.035,32,32,7.0,0,0.0
SW PARKSIDE DR,1,0.035,24,24,3.0,0,0.0
NE ROSE PARKWAY CT,1,0.035,32,32,7.0,0,0.0
NE 155TH PL,1,0.035,32,32,7.0,0,0.0
NE STANTON PL,1,0.035,32,32,7.0,0,0.0
N SEWARD CT,1,0.035,30,30,6.0,0,0.0
NW MAYER CT,1,0.035,28,28,5.0,0,0.0
SW BENTLY CT,1,0.034,32,32,7.0,0,0.0
SW HILLCREST PL,1,0.034,10,10,-4.0,1,0.034
SW 48TH WAY,1,0.034,32,32,7.0,0,0.0
NE BLUE HERON CT,1,0.034,23,23,2.5,0,0.0
SW 23RD AVE,1,0.034,22,22,2.0,0,0.0
N WALL AVE,1,0.034,28,28,5.0,0,0.0
SW 21ST CT,1,0.034,26,26,4.0,0,0.0
NW MILLER RD,1,0.033,26,26,4.0,0,0.0
SE 93RD CT,1,0.033,32,32,7.0,0,0.0
SE 140TH CT,1,0.033,26,26,4.0,0,0.0
SW 64TH DR,1,0.033,32,32,7.0,0,0.0
NW SEBLAR CT,1,0.033,28,28,5.0,0,0.0
NE 160TH PL,1,0.033,28,28,5.0,0,0.0
SW PALLAY CT,1,0.033,26,26,4.0,0,0.0
SE 52ND PL,1,0.033,30,30,6.0,0,0.0
SW 64TH CT,1,0.033,28,28,5.0,0,0.0
N POWERS ST,1,0.032,20,20,1.0,0,0.0
SW BUENAVISTA PL,1,0.032,12,12,-3.0,1,0.032
NE MORRIS PL,1,0.032,28,28,5.0,0,0.0
SE BALDRY ST,1,0.032,23,23,2.5,0,0.0
NE 154TH PL,1,0.032,32,32,7.0,0,0.0
SW ELIZABETH CT,1,0.032,28,28,5.0,0,0.0
NW MEARES DR,1,0.032,33,33,7.5,0,0.0
NE WEBSTER CT,1,0.032,32,32,7.0,0,0.0
SW DOSCHDALE CT,1,0.032,30,30,6.0,0,0.0
NE 127TH PL,1,0.032,32,32,7.0,0,0.0
SE 166TH CT,1,0.031,28,28,5.0,0,0.0
SE 68TH CT,1,0.031,28,28,5.0,0,0.0
SE 108TH CT,1,0.031,20,20,1.0,0,0.0
N KISKA CT,1,0.031,30,30,6.0,0,0.0
SW 30TH PL,1,0.031,26,26,4.0,0,0.0
NW QUEENS DR,1,0.031,12,12,-3.0,1,0.031
NW NEW HOPE CT,1,0.031,28,28,5.0,0,0.0
NE FARGO PL,1,0.031,28,28,5.0,0,0.0
SW ENGLISH CT,1,0.03,15,15,-1.5,1,0.03
SW CAMELOT LN,1,0.03,30,30,6.0,0,0.0
NE 101ST AVE,1,0.029,38,38,10.0,0,0.0
NE 125TH PL,1,0.029,32,32,7.0,0,0.0
NW 16TH AVE,1,0.029,33,33,7.5,0,0.0
NW BARNSLEY CT,1,0.029,28,28,5.0,0,0.0
SE 101ST PL,1,0.029,32,32,7.0,0,0.0
SE 81ST PL,1,0.029,26,26,4.0,0,0.0
SE BYBEE CT,1,0.029,20,20,1.0,0,0.0
SW 66TH AVE,1,0.029,30,30,6.0,0,0.0
SE RURAL CT,1,0.029,20,20,1.0,0,0.0
SW CHESTNUT ST,1,0.029,28,28,5.0,0,0.0
NW 18TH AVE,1,0.029,33,33,7.5,0,0.0
SW WAPATO AVE,1,0.028,24,24,3.0,0,0.0
SW LURADEL CT,1,0.028,28,28,5.0,0,0.0
NW ASHBY CT,1,0.028,28,28,5.0,0,0.0
SW ALDEN ST,1,0.028,30,30,6.0,0,0.0
SW GREENLEAF CT,1,0.028,10,10,-4.0,1,0.028
SE SALMON CT,1,0.028,18,18,0.0,1,0.028
SW ORCHID CT,1,0.028,32,32,7.0,0,0.0
SW HILLCREST DR,1,0.028,18,18,0.0,1,0.028
SW HILEN CT,1,0.028,28,28,5.0,0,0.0
SW LODI LN,1,0.028,17,17,-0.5,1,0.028
SE 161ST CT,1,0.027,32,32,7.0,0,0.0
NE ANDRA PL,1,0.027,28,28,5.0,0,0.0
NE LIJA LOOP,1,0.027,20,20,1.0,0,0.0
SW ISABELLA ST,1,0.027,16,16,-1.0,1,0.027
SW BLACKSTONE LN,1,0.027,10,10,-4.0,1,0.027
SW HUDDLESON ST,1,0.027,32,32,7.0,0,0.0
SW PATRICK WAY,1,0.027,18,18,0.0,1,0.027
SE 125TH PL,1,0.026,44,44,13.0,0,0.0
SW SIERRA VISTA DR,1,0.026,28,28,5.0,0,0.0
NW BULLFINCH PL,1,0.026,24,24,3.0,0,0.0
SW TARA CT,1,0.026,32,32,7.0,0,0.0
N REVERE ST,1,0.026,9,9,-4.5,1,0.026
SW 53RD CT,1,0.026,28,28,5.0,0,0.0
NW LANGLEY CT,1,0.026,28,28,5.0,0,0.0
SW 28TH PL,1,0.026,32,32,7.0,0,0.0
SE 149TH PL,1,0.026,32,32,7.0,0,0.0
SE 139TH CT,1,0.025,26,26,4.0,0,0.0
SW MURRAY LN,1,0.025,24,24,3.0,0,0.0
NE 156TH PL,1,0.025,32,32,7.0,0,0.0
NW SAWYER CT,1,0.025,28,28,5.0,0,0.0
SW MILL STREET TER,1,0.025,18,18,0.0,1,0.025
SE TINDALL CIR,1,0.025,28,28,5.0,0,0.0
SE CRYSTAL ST,1,0.025,28,28,5.0,0,0.0
SW WEST POINT CT,1,0.024,20,20,1.0,0,0.0
NE 152ND PL,1,0.024,28,28,5.0,0,0.0
N SMITH CT,1,0.024,30,30,6.0,0,0.0
NW PINNACLE CT,1,0.024,32,32,7.0,0,0.0
NW SICHEL CT,1,0.024,28,28,5.0,0,0.0
SW HOMAR AVE,1,0.024,24,24,3.0,0,0.0
NE 16TH CT,1,0.024,23,23,2.5,0,0.0
SW PARK AVE,1,0.024,36,36,9.0,0,0.0
SE RAMONA CT,1,0.023,20,20,1.0,0,0.0
SW PLUM CIR,1,0.023,32,32,7.0,0,0.0
SE BELMORE HTS,1,0.022,26,26,4.0,0,0.0
NE 158TH CT,1,0.022,32,32,7.0,0,0.0
SE INSLEY CT,1,0.022,20,20,1.0,0,0.0
NE LAS BRISAS CT,1,0.021,23,23,2.5,0,0.0
SW LUCILLE ST,1,0.021,18,18,0.0,1,0.021
NW LOGAN CT,1,0.021,22,22,2.0,0,0.0
NE RIVER POINTE CIR,1,0.021,20,20,1.0,0,0.0
NW 105TH AVE,1,0.019,80,80,31.0,0,0.0
SW STREAMSIDE CT,1,0.019,28,28,5.0,0,0.0
SW TYROL CIR,1,0.019,18,18,0.0,1,0.019
SW 59TH CIR,1,0.019,28,28,5.0,0,0.0
N FREMONT ST,1,0.016,39,39,10.5,0,0.0
NE 156TH CT,1,0.015,52,52,17.0,0,0.0
NE SHAVER CIR,1,0.013,42,42,12.0,0,0.0
